batch_id,crop,farmer,location,quantity_kg,temperature,humidity,quality_grade,transport_distance_km,delay_hours,quality_score
RICE-00000,Rice,F242,Rajahmundry,4001,21.88,54.82,B,195,21.6,77.9
RICE-00001,Chilli,F221,Konaseema,3523,31.54,70.31,C,294,9.4,100.0
RICE-00002,Wheat,F167,Amalapuram,4684,41.43,66.14,B,243,25.0,64.0
RICE-00003,Maize,F266,Kothapeta,4822,25.57,66.84,A,75,21.4,79.5
RICE-00004,Maize,F039,Razole,3672,24.07,84.51,A,268,0.0,89.6
RICE-00005,Chilli,F276,Konaseema,2169,27.82,52.31,B,132,10.2,39.9
RICE-00006,Rice,F255,Kothapeta,3195,23.8,64.73,B,151,11.6,83.1
RICE-00007,Wheat,F151,Konaseema,2412,25.65,68.04,A,171,19.2,79.3
RICE-00008,Rice,F220,Razole,3330,25.82,57.64,C,233,5.7,100.0
RICE-00009,Rice,F156,Razole,4154,23.33,65.28,A,44,5.2,94.5
RICE-00010,Wheat,F081,Kothapeta,2161,29.43,49.0,B,166,13.0,63.0
RICE-00011,Chilli,F240,Amalapuram,2775,28.19,79.1,C,246,22.1,98.6
RICE-00012,Wheat,F074,Konaseema,705,26.56,58.18,B,169,34.9,76.1
RICE-00013,Chilli,F095,Rajahmundry,3814,43.55,85.31,A,89,46.9,57.5
RICE-00014,Wheat,F156,Razole,2704,30.98,64.68,A,26,15.2,83.0
RICE-00015,Chilli,F251,Amalapuram,2568,25.82,75.28,A,169,1.1,77.0
RICE-00016,Wheat,F115,Kothapeta,2895,25.47,64.47,B,213,22.2,100.0
RICE-00017,Rice,F148,Razole,1469,27.52,64.69,A,169,2.6,85.1
RICE-00018,Chilli,F013,Razole,3190,35.48,59.16,B,294,5.3,83.1
RICE-00019,Maize,F035,Kothapeta,3853,20.3,66.19,C,184,6.1,93.5
RICE-00020,Wheat,F017,Amalapuram,2073,30.85,68.18,A,157,11.2,96.4
RICE-00021,Maize,F022,Razole,1090,17.53,57.16,A,26,15.2,91.8
RICE-00022,Rice,F260,Razole,2240,38.96,63.75,B,171,27.7,44.9
RICE-00023,Chilli,F252,Kothapeta,1393,34.88,58.9,A,58,11.9,89.1
RICE-00024,Chilli,F246,Konaseema,2182,29.44,88.0,A,220,1.3,82.5
RICE-00025,Wheat,F017,Kothapeta,3320,27.85,64.1,A,56,19.3,98.6
RICE-00026,Maize,F024,Razole,1010,24.2,80.45,A,272,11.5,78.6
RICE-00027,Chilli,F084,Rajahmundry,3862,38.35,63.04,B,97,57.8,56.1
RICE-00028,Wheat,F170,Kothapeta,1510,25.74,67.59,A,135,4.9,100.0
RICE-00029,Maize,F100,Amalapuram,4526,23.07,51.79,A,52,4.0,100.0
RICE-00030,Maize,F146,Kothapeta,3795,43.11,60.53,A,71,38.5,56.5
RICE-00031,Rice,F052,Konaseema,1726,27.99,67.11,A,277,25.0,73.2
RICE-00032,Rice,F219,Konaseema,3034,23.16,80.86,A,92,13.6,100.0
RICE-00033,Wheat,F094,Razole,998,22.97,67.22,B,158,10.0,92.0
RICE-00034,Chilli,F020,Rajahmundry,948,20.2,78.84,A,294,3.3,84.7
RICE-00035,Rice,F223,Rajahmundry,4802,28.95,71.41,A,190,29.6,75.2
RICE-00036,Chilli,F270,Kothapeta,4110,40.99,81.27,C,22,25.1,39.0
RICE-00037,Chilli,F005,Konaseema,1194,28.16,64.41,A,113,4.7,79.7
RICE-00038,Maize,F131,Rajahmundry,1772,31.83,88.9,B,122,17.7,70.0
RICE-00039,Wheat,F248,Kothapeta,1389,27.44,60.15,A,90,6.6,81.9
RICE-00040,Rice,F212,Amalapuram,2278,28.96,57.34,A,79,24.7,84.0
RICE-00041,Chilli,F257,Rajahmundry,1810,39.04,52.9,A,155,55.3,34.2
RICE-00042,Wheat,F125,Razole,1976,41.61,88.31,B,119,31.3,44.9
RICE-00043,Maize,F112,Razole,2882,41.2,73.19,B,95,34.2,59.8
RICE-00044,Rice,F213,Amalapuram,1350,38.07,61.66,A,129,10.4,94.5
RICE-00045,Chilli,F046,Rajahmundry,4472,24.74,77.49,A,109,1.4,75.9
RICE-00046,Maize,F072,Kothapeta,3774,38.28,71.88,A,76,39.5,65.0
RICE-00047,Chilli,F180,Kothapeta,3922,43.32,84.66,A,141,49.9,32.4
RICE-00048,Wheat,F200,Razole,1262,38.86,49.52,B,283,58.2,42.5
RICE-00049,Chilli,F036,Razole,3686,43.57,62.35,B,156,49.8,58.9
RICE-00050,Chilli,F152,Konaseema,4263,32.61,60.37,C,183,26.8,82.2
RICE-00051,Rice,F110,Amalapuram,1288,26.53,45.26,A,295,15.7,100.0
RICE-00052,Maize,F151,Amalapuram,3880,42.39,75.6,B,187,32.8,44.2
RICE-00053,Maize,F287,Rajahmundry,2109,32.94,62.3,A,74,9.0,90.7
RICE-00054,Maize,F023,Razole,4044,30.13,72.4,A,125,7.2,83.7
RICE-00055,Rice,F298,Amalapuram,2652,20.68,88.6,C,151,16.7,82.5
RICE-00056,Wheat,F135,Razole,4109,37.2,61.47,A,147,58.8,46.3
RICE-00057,Rice,F231,Razole,1163,30.29,60.79,B,53,14.7,53.9
RICE-00058,Wheat,F127,Amalapuram,2250,26.95,66.19,B,40,1.4,66.9
RICE-00059,Wheat,F093,Kothapeta,1730,34.95,74.87,C,111,3.2,79.3
RICE-00060,Chilli,F231,Rajahmundry,1617,27.8,59.33,A,275,18.4,48.4
RICE-00061,Wheat,F206,Kothapeta,1887,26.86,58.69,A,218,20.9,71.8
RICE-00062,Maize,F044,Konaseema,2220,23.7,75.57,B,254,2.1,76.3
RICE-00063,Chilli,F211,Razole,1072,29.91,68.79,B,60,18.7,76.8
RICE-00064,Maize,F226,Kothapeta,3681,29.38,44.55,A,130,6.7,70.1
RICE-00065,Maize,F116,Kothapeta,2976,27.07,52.75,B,178,12.2,74.9
RICE-00066,Chilli,F277,Razole,4231,23.05,80.01,A,135,26.2,100.0
RICE-00067,Maize,F192,Rajahmundry,3672,27.65,69.02,A,130,20.1,89.9
RICE-00068,Rice,F100,Amalapuram,1170,26.65,57.38,B,114,20.0,71.6
RICE-00069,Maize,F004,Kothapeta,814,20.33,63.3,A,24,31.1,79.0
RICE-00070,Chilli,F202,Konaseema,2402,19.64,65.13,A,258,5.0,79.6
RICE-00071,Rice,F063,Razole,2665,29.83,72.36,C,280,2.1,68.5
RICE-00072,Maize,F227,Kothapeta,1581,13.99,51.42,B,33,4.8,68.5
RICE-00073,Rice,F158,Amalapuram,4019,28.03,56.59,B,129,9.5,95.2
RICE-00074,Wheat,F140,Razole,3117,44.57,67.73,A,160,32.1,60.2
RICE-00075,Maize,F049,Kothapeta,3865,33.54,64.0,C,237,9.9,63.6
RICE-00076,Maize,F213,Kothapeta,990,24.53,70.72,A,296,6.6,79.4
RICE-00077,Rice,F050,Kothapeta,4167,37.93,52.7,A,130,44.4,61.5
RICE-00078,Wheat,F125,Amalapuram,1427,25.02,68.57,A,227,15.5,50.4
RICE-00079,Wheat,F251,Konaseema,2517,27.57,75.92,B,281,6.0,79.4
RICE-00080,Chilli,F276,Rajahmundry,2477,30.68,69.87,C,250,17.9,93.0
RICE-00081,Maize,F296,Konaseema,4192,42.1,66.39,B,94,59.1,60.3
RICE-00082,Rice,F287,Amalapuram,1745,31.98,64.04,B,247,4.3,100.0
RICE-00083,Chilli,F167,Razole,1583,22.03,56.65,A,129,7.1,98.8
RICE-00084,Wheat,F060,Konaseema,2028,28.47,64.28,A,15,10.3,100.0
RICE-00085,Wheat,F251,Razole,2123,31.61,77.6,A,230,1.1,100.0
RICE-00086,Rice,F240,Razole,1317,30.3,63.81,A,252,4.6,91.4
RICE-00087,Maize,F297,Razole,1293,36.58,56.1,A,109,12.7,82.4
RICE-00088,Chilli,F195,Amalapuram,1541,23.18,60.08,B,140,2.5,94.6
RICE-00089,Chilli,F043,Konaseema,2603,40.82,67.01,B,115,36.9,58.2
RICE-00090,Maize,F151,Rajahmundry,2045,22.03,61.26,B,43,0.3,81.6
RICE-00091,Chilli,F135,Amalapuram,2264,30.3,69.85,A,298,13.7,70.3
RICE-00092,Chilli,F253,Rajahmundry,3735,29.49,70.23,A,16,16.3,86.0
RICE-00093,Maize,F118,Konaseema,1584,27.51,73.89,A,171,16.0,70.2
RICE-00094,Chilli,F099,Konaseema,4594,21.39,79.24,A,14,12.1,69.7
RICE-00095,Maize,F024,Razole,3883,30.83,74.96,A,209,3.4,86.2
RICE-00096,Rice,F250,Rajahmundry,1286,20.88,55.66,A,271,5.8,77.9
RICE-00097,Wheat,F226,Rajahmundry,1912,32.79,55.96,A,196,7.9,51.1
RICE-00098,Wheat,F013,Razole,1325,41.29,64.24,B,185,8.0,58.2
RICE-00099,Rice,F130,Amalapuram,1727,28.83,60.49,A,250,12.7,62.8
RICE-00100,Chilli,F144,Rajahmundry,2144,41.05,53.62,A,292,48.4,55.4
RICE-00101,Rice,F141,Razole,1089,24.54,60.58,A,259,20.1,86.2
RICE-00102,Chilli,F275,Konaseema,564,17.95,60.25,A,77,2.1,83.3
RICE-00103,Rice,F046,Konaseema,2474,23.99,58.28,A,173,18.8,96.0
RICE-00104,Chilli,F092,Rajahmundry,3654,21.54,61.84,A,247,18.4,91.3
RICE-00105,Chilli,F055,Amalapuram,1863,19.76,76.78,A,95,3.9,96.1
RICE-00106,Chilli,F073,Razole,4372,35.61,66.99,A,205,20.5,89.1
RICE-00107,Wheat,F272,Konaseema,2161,28.36,89.72,C,16,10.4,83.1
RICE-00108,Maize,F282,Amalapuram,4553,28.9,66.71,A,264,2.1,96.5
RICE-00109,Wheat,F014,Amalapuram,1561,25.45,62.1,A,188,16.6,93.8
RICE-00110,Maize,F189,Amalapuram,2927,40.72,65.04,A,225,45.7,37.8
RICE-00111,Chilli,F070,Razole,3934,31.82,67.56,A,249,9.7,99.1
RICE-00112,Wheat,F058,Rajahmundry,765,26.84,69.35,A,73,11.6,44.8
RICE-00113,Maize,F088,Rajahmundry,4685,40.88,85.77,B,140,59.5,40.1
RICE-00114,Wheat,F059,Razole,2142,26.02,56.55,A,259,18.1,75.4
RICE-00115,Wheat,F147,Amalapuram,2740,25.29,73.59,B,57,11.6,97.3
RICE-00116,Rice,F298,Rajahmundry,3327,37.45,67.08,A,248,38.3,51.0
RICE-00117,Rice,F176,Kothapeta,3393,17.11,49.29,A,93,15.6,58.2
RICE-00118,Rice,F217,Kothapeta,606,25.69,72.71,A,176,0.5,100.0
RICE-00119,Rice,F148,Razole,4402,27.28,77.68,A,157,3.1,62.4
RICE-00120,Maize,F005,Razole,3306,20.57,56.43,A,209,10.1,62.9
RICE-00121,Wheat,F026,Rajahmundry,4994,26.83,64.91,C,252,17.6,76.5
RICE-00122,Wheat,F081,Kothapeta,2621,27.27,47.75,B,111,0.1,75.2
RICE-00123,Maize,F073,Razole,3260,16.22,52.41,C,59,13.3,56.6
RICE-00124,Chilli,F252,Razole,2484,22.42,75.48,A,132,15.7,89.7
RICE-00125,Wheat,F253,Amalapuram,4504,29.04,60.34,B,187,18.0,90.2
RICE-00126,Rice,F256,Amalapuram,4245,28.94,53.91,A,227,0.0,95.8
RICE-00127,Chilli,F191,Razole,4588,21.23,67.29,B,228,11.3,73.5
RICE-00128,Wheat,F167,Konaseema,2769,27.79,59.78,C,108,28.7,79.4
RICE-00129,Wheat,F195,Amalapuram,4061,37.32,60.29,B,281,50.5,36.2
RICE-00130,Wheat,F122,Razole,2114,30.89,72.39,B,34,21.9,100.0
RICE-00131,Wheat,F201,Rajahmundry,2574,26.52,53.38,B,43,15.4,37.5
RICE-00132,Rice,F238,Kothapeta,3920,24.66,55.95,A,17,1.9,65.6
RICE-00133,Wheat,F229,Amalapuram,865,23.85,66.54,B,278,19.2,80.1
RICE-00134,Chilli,F184,Kothapeta,3697,44.76,74.69,A,62,36.6,45.7
RICE-00135,Maize,F018,Razole,571,27.98,77.38,C,184,17.6,76.1
RICE-00136,Wheat,F217,Kothapeta,3112,30.15,58.35,B,245,5.7,78.1
RICE-00137,Rice,F110,Konaseema,2647,27.66,74.37,A,232,10.3,70.1
RICE-00138,Maize,F223,Kothapeta,2609,31.09,57.16,A,285,13.6,81.0
RICE-00139,Maize,F162,Kothapeta,2724,27.47,83.26,A,25,14.5,89.4
RICE-00140,Chilli,F264,Razole,2713,30.92,53.66,A,128,16.9,76.5
RICE-00141,Rice,F102,Rajahmundry,2333,31.35,78.28,A,156,6.2,73.2
RICE-00142,Maize,F279,Rajahmundry,2531,42.25,58.44,B,211,59.3,43.3
RICE-00143,Maize,F253,Razole,3056,17.96,85.13,A,190,28.2,79.9
RICE-00144,Chilli,F100,Amalapuram,3935,34.72,70.91,B,172,36.9,53.9
RICE-00145,Chilli,F145,Kothapeta,2984,28.28,54.84,A,98,16.5,86.9
RICE-00146,Rice,F159,Konaseema,3391,18.43,59.78,A,40,1.2,73.2
RICE-00147,Rice,F230,Rajahmundry,4264,23.43,72.81,A,135,4.3,98.9
RICE-00148,Chilli,F207,Rajahmundry,4952,30.86,75.53,B,85,17.1,88.9
RICE-00149,Rice,F255,Rajahmundry,988,25.6,64.29,A,170,25.4,97.6
RICE-00150,Chilli,F111,Amalapuram,3708,24.44,65.45,A,241,0.1,64.8
RICE-00151,Maize,F151,Amalapuram,1513,44.2,72.58,A,170,27.3,66.1
RICE-00152,Chilli,F129,Rajahmundry,1385,21.76,66.32,B,179,14.0,61.4
RICE-00153,Maize,F272,Kothapeta,4068,37.86,52.06,A,22,42.0,35.2
RICE-00154,Maize,F092,Razole,809,40.56,56.87,B,196,50.0,35.9
RICE-00155,Wheat,F176,Kothapeta,4315,28.95,67.35,B,137,3.6,100.0
RICE-00156,Rice,F036,Kothapeta,3967,29.48,77.15,B,45,18.2,62.8
RICE-00157,Wheat,F255,Razole,4976,31.56,81.16,A,72,23.2,73.1
RICE-00158,Wheat,F115,Rajahmundry,3505,27.99,72.8,A,236,11.2,78.9
RICE-00159,Chilli,F102,Amalapuram,4428,37.15,67.87,A,275,44.0,61.4
RICE-00160,Chilli,F175,Rajahmundry,1033,25.7,72.49,A,157,7.3,53.6
RICE-00161,Wheat,F150,Amalapuram,4504,27.31,58.33,B,293,3.5,56.0
RICE-00162,Maize,F254,Kothapeta,1221,27.54,63.47,A,62,22.3,87.3
RICE-00163,Maize,F159,Rajahmundry,1914,43.56,56.76,A,96,51.3,35.3
RICE-00164,Maize,F155,Rajahmundry,1076,30.86,52.51,A,279,16.9,73.3
RICE-00165,Chilli,F032,Rajahmundry,2307,29.78,68.34,A,60,27.0,82.4
RICE-00166,Maize,F007,Amalapuram,3870,27.22,66.86,A,201,1.5,86.2
RICE-00167,Rice,F120,Rajahmundry,1706,22.95,71.88,B,73,6.5,77.9
RICE-00168,Maize,F299,Rajahmundry,4199,27.34,70.46,A,106,13.6,74.5
RICE-00169,Rice,F275,Rajahmundry,3228,26.86,67.43,C,148,6.4,92.7
RICE-00170,Rice,F189,Konaseema,3330,27.97,70.57,B,114,19.8,84.3
RICE-00171,Rice,F189,Razole,4724,38.03,64.57,A,263,10.1,70.3
RICE-00172,Chilli,F118,Rajahmundry,2443,24.38,69.13,A,292,2.1,80.6
RICE-00173,Wheat,F054,Razole,2050,29.11,57.74,A,155,12.7,85.7
RICE-00174,Wheat,F003,Amalapuram,4975,32.34,68.7,A,162,13.7,100.0
RICE-00175,Maize,F102,Razole,3006,27.49,71.68,A,26,21.3,91.8
RICE-00176,Wheat,F095,Konaseema,3265,38.69,58.3,B,77,15.9,98.2
RICE-00177,Rice,F058,Kothapeta,1833,25.11,65.52,B,21,16.6,70.8
RICE-00178,Chilli,F078,Razole,1469,28.62,58.76,A,258,15.2,72.1
RICE-00179,Wheat,F008,Kothapeta,1264,23.01,59.73,A,75,10.1,76.5
RICE-00180,Chilli,F182,Razole,1506,25.24,53.75,A,108,4.8,77.8
RICE-00181,Rice,F278,Amalapuram,1378,28.24,77.66,C,254,14.9,64.9
RICE-00182,Maize,F207,Razole,3860,31.23,75.66,A,216,8.7,99.0
RICE-00183,Wheat,F135,Razole,760,36.67,70.37,B,190,43.5,40.6
RICE-00184,Maize,F126,Razole,3332,33.3,84.72,B,21,25.4,75.4
RICE-00185,Maize,F092,Amalapuram,4771,26.53,63.11,A,173,18.3,89.6
RICE-00186,Rice,F043,Amalapuram,3944,25.34,95.32,A,172,15.8,83.3
RICE-00187,Maize,F179,Amalapuram,2312,36.75,62.72,A,102,40.7,57.6
RICE-00188,Rice,F170,Kothapeta,767,28.97,67.55,B,226,0.6,59.8
RICE-00189,Maize,F003,Kothapeta,4253,23.4,61.02,A,279,9.8,77.8
RICE-00190,Wheat,F125,Amalapuram,514,23.53,68.72,B,85,13.0,79.1
RICE-00191,Wheat,F084,Kothapeta,3565,22.29,73.36,B,106,14.3,89.4
RICE-00192,Wheat,F051,Amalapuram,3519,31.68,63.86,B,103,16.7,70.6
RICE-00193,Maize,F211,Amalapuram,1363,44.73,82.77,A,252,59.2,65.2
RICE-00194,Chilli,F158,Razole,3829,27.64,67.39,A,32,5.1,63.8
RICE-00195,Rice,F190,Rajahmundry,1289,38.09,67.7,B,269,40.7,67.3
RICE-00196,Maize,F214,Amalapuram,1515,30.66,55.91,A,234,26.5,81.0
RICE-00197,Rice,F294,Rajahmundry,4153,22.77,69.18,B,150,19.7,100.0
RICE-00198,Maize,F241,Kothapeta,4906,21.62,63.66,A,179,8.1,88.7
RICE-00199,Chilli,F186,Konaseema,1691,37.66,58.92,A,269,39.7,56.6
RICE-00200,Maize,F263,Amalapuram,4646,30.0,57.24,B,233,11.0,79.5
RICE-00201,Chilli,F143,Konaseema,4609,28.66,91.72,A,90,12.3,96.6
RICE-00202,Maize,F295,Konaseema,3962,22.95,62.37,A,24,16.7,71.1
RICE-00203,Wheat,F228,Amalapuram,1130,30.39,50.43,A,200,37.3,77.9
RICE-00204,Maize,F195,Kothapeta,1847,23.28,58.02,A,52,13.9,63.7
RICE-00205,Maize,F271,Razole,3549,24.39,64.48,B,35,18.6,100.0
RICE-00206,Chilli,F155,Konaseema,4996,22.28,70.47,A,294,4.9,85.9
RICE-00207,Chilli,F216,Rajahmundry,4165,33.51,70.55,A,147,7.2,69.4
RICE-00208,Maize,F086,Amalapuram,2391,30.17,71.77,A,198,24.3,78.3
RICE-00209,Chilli,F289,Konaseema,1558,30.02,58.55,C,73,16.0,87.6
RICE-00210,Maize,F187,Razole,4821,42.67,68.4,A,39,27.9,55.4
RICE-00211,Wheat,F234,Razole,1742,41.06,56.24,C,28,18.7,72.0
RICE-00212,Chilli,F138,Razole,2039,18.45,58.8,B,112,31.2,70.2
RICE-00213,Maize,F260,Konaseema,4840,23.31,55.82,A,11,8.0,85.1
RICE-00214,Wheat,F023,Konaseema,3027,23.92,53.12,B,131,27.2,74.6
RICE-00215,Maize,F035,Amalapuram,1690,22.75,75.64,B,104,15.7,73.2
RICE-00216,Rice,F152,Kothapeta,524,21.61,71.89,A,162,21.4,60.0
RICE-00217,Rice,F219,Rajahmundry,2434,25.5,74.77,A,180,11.9,81.2
RICE-00218,Maize,F242,Amalapuram,4937,20.92,65.39,B,99,11.5,77.3
RICE-00219,Chilli,F132,Konaseema,2446,28.68,72.77,B,142,16.5,75.2
RICE-00220,Rice,F195,Rajahmundry,3647,41.18,47.39,B,32,31.8,65.7
RICE-00221,Maize,F166,Konaseema,1638,29.41,73.63,C,97,15.6,91.2
RICE-00222,Wheat,F288,Konaseema,3990,29.54,66.77,A,293,17.8,90.5
RICE-00223,Rice,F196,Kothapeta,3991,30.02,71.27,B,297,7.9,88.3
RICE-00224,Wheat,F125,Kothapeta,3237,43.03,68.8,B,150,44.1,45.1
RICE-00225,Maize,F290,Razole,3973,37.61,55.13,A,282,18.9,71.5
RICE-00226,Chilli,F033,Rajahmundry,3104,28.17,50.02,A,155,29.5,64.3
RICE-00227,Wheat,F295,Rajahmundry,2202,44.14,57.88,A,46,28.2,31.9
RICE-00228,Wheat,F047,Amalapuram,3820,21.99,70.65,B,261,7.9,80.3
RICE-00229,Rice,F087,Rajahmundry,4258,18.3,71.9,A,130,3.1,68.2
RICE-00230,Maize,F246,Razole,4284,27.09,51.32,B,187,3.5,81.4
RICE-00231,Chilli,F220,Konaseema,1458,26.39,55.19,A,198,3.9,65.5
RICE-00232,Rice,F291,Rajahmundry,3544,24.66,57.77,A,99,12.4,55.1
RICE-00233,Chilli,F225,Konaseema,519,37.05,61.43,B,222,15.9,92.3
RICE-00234,Maize,F191,Kothapeta,3073,29.74,51.38,A,155,2.3,72.9
RICE-00235,Wheat,F104,Razole,3070,30.63,50.78,B,116,19.8,67.4
RICE-00236,Wheat,F002,Amalapuram,2135,22.34,56.78,A,96,18.0,63.6
RICE-00237,Maize,F038,Amalapuram,4973,44.86,65.86,C,226,35.4,64.0
RICE-00238,Maize,F090,Kothapeta,4473,27.18,53.19,A,82,10.3,100.0
RICE-00239,Wheat,F013,Rajahmundry,673,27.87,63.84,C,46,7.5,74.0
RICE-00240,Rice,F152,Amalapuram,1439,17.72,75.59,B,265,8.7,76.8
RICE-00241,Wheat,F233,Razole,1435,26.1,51.98,A,106,12.1,96.1
RICE-00242,Rice,F289,Kothapeta,4539,27.07,62.94,A,195,13.7,52.8
RICE-00243,Wheat,F147,Konaseema,2835,37.69,75.25,A,217,25.9,34.5
RICE-00244,Wheat,F262,Razole,3779,22.93,60.82,A,253,14.4,100.0
RICE-00245,Rice,F295,Rajahmundry,4144,24.3,59.26,B,191,9.4,39.4
RICE-00246,Chilli,F258,Kothapeta,3954,26.12,76.63,A,215,14.9,78.5
RICE-00247,Maize,F140,Konaseema,900,27.45,61.94,A,252,22.0,69.2
RICE-00248,Chilli,F098,Konaseema,1131,30.02,76.04,A,283,11.0,76.0
RICE-00249,Rice,F293,Kothapeta,2278,32.4,69.29,A,23,15.2,73.7
RICE-00250,Rice,F073,Kothapeta,2022,25.53,61.57,B,225,10.1,92.2
RICE-00251,Maize,F124,Kothapeta,3861,41.26,69.8,A,60,27.7,55.6
RICE-00252,Rice,F023,Amalapuram,1203,29.19,68.2,B,268,17.2,66.3
RICE-00253,Maize,F238,Kothapeta,2171,30.05,75.21,C,24,6.4,77.4
RICE-00254,Wheat,F195,Amalapuram,1564,24.83,59.52,A,81,15.9,87.7
RICE-00255,Rice,F026,Razole,1349,36.26,65.41,A,65,46.5,52.5
RICE-00256,Wheat,F067,Razole,1277,31.9,64.38,A,184,9.0,55.3
RICE-00257,Rice,F167,Razole,1379,33.46,72.04,A,11,8.7,100.0
RICE-00258,Rice,F162,Konaseema,3039,35.89,54.75,A,14,6.9,70.4
RICE-00259,Wheat,F240,Rajahmundry,2345,22.67,75.17,C,156,4.5,77.9
RICE-00260,Chilli,F080,Konaseema,2458,27.07,69.66,B,291,15.8,74.0
RICE-00261,Rice,F277,Rajahmundry,2657,41.02,51.83,A,163,56.6,54.3
RICE-00262,Maize,F133,Konaseema,3834,26.51,77.08,B,139,20.5,100.0
RICE-00263,Chilli,F246,Kothapeta,4378,23.75,87.34,A,200,6.7,88.7
RICE-00264,Chilli,F072,Konaseema,2868,19.57,75.02,B,170,31.0,57.2
RICE-00265,Wheat,F012,Konaseema,3390,27.46,79.27,A,121,8.2,59.2
RICE-00266,Maize,F017,Razole,3823,23.16,65.85,B,180,3.2,74.0
RICE-00267,Maize,F112,Razole,3606,38.01,48.38,C,10,52.1,41.4
RICE-00268,Wheat,F285,Konaseema,1104,23.03,46.56,B,80,5.3,54.2
RICE-00269,Wheat,F015,Rajahmundry,4923,21.5,67.55,B,205,27.3,92.3
RICE-00270,Maize,F111,Amalapuram,1241,36.63,59.08,A,109,54.4,67.8
RICE-00271,Rice,F033,Amalapuram,2353,27.75,55.85,B,25,18.0,100.0
RICE-00272,Rice,F279,Amalapuram,3436,29.9,64.37,A,46,3.0,100.0
RICE-00273,Chilli,F202,Kothapeta,2315,37.93,71.16,B,261,30.1,76.3
RICE-00274,Maize,F229,Konaseema,1594,28.39,50.47,A,105,8.5,86.6
RICE-00275,Maize,F214,Kothapeta,4655,29.43,60.51,A,16,9.3,61.5
RICE-00276,Maize,F197,Amalapuram,821,21.61,80.1,A,221,26.4,89.4
RICE-00277,Chilli,F232,Konaseema,1606,20.57,54.25,A,163,18.6,72.5
RICE-00278,Rice,F003,Amalapuram,4968,34.91,73.7,B,140,34.0,63.7
RICE-00279,Rice,F259,Razole,3784,22.38,60.15,B,269,14.5,75.7
RICE-00280,Maize,F222,Razole,891,21.78,70.46,C,100,8.0,73.0
RICE-00281,Maize,F222,Amalapuram,3895,41.86,75.97,A,176,38.2,31.4
RICE-00282,Wheat,F118,Amalapuram,4862,41.96,72.41,C,226,50.4,47.6
RICE-00283,Maize,F240,Razole,940,22.49,74.09,A,186,9.2,68.2
RICE-00284,Maize,F115,Razole,2363,25.48,53.48,A,70,23.4,100.0
RICE-00285,Chilli,F015,Rajahmundry,2607,33.15,76.14,B,207,18.0,60.1
RICE-00286,Rice,F272,Rajahmundry,1089,22.97,56.47,A,225,12.2,100.0
RICE-00287,Wheat,F071,Rajahmundry,1402,40.99,67.6,A,45,51.7,62.4
RICE-00288,Wheat,F031,Rajahmundry,1281,40.35,67.58,A,57,49.6,61.7
RICE-00289,Maize,F186,Kothapeta,1334,29.46,69.85,A,205,22.1,72.6
RICE-00290,Chilli,F070,Amalapuram,2315,23.9,68.37,B,44,16.3,74.8
RICE-00291,Maize,F257,Amalapuram,2587,19.09,56.56,A,265,13.7,92.0
RICE-00292,Chilli,F133,Amalapuram,1570,23.28,51.5,A,41,4.0,100.0
RICE-00293,Maize,F002,Razole,1802,26.73,73.72,A,292,20.7,97.9
RICE-00294,Wheat,F285,Razole,1365,32.83,66.86,A,204,19.3,73.9
RICE-00295,Wheat,F154,Rajahmundry,4082,38.5,76.49,B,138,34.1,52.4
RICE-00296,Chilli,F079,Konaseema,1452,26.58,64.55,C,87,37.7,68.3
RICE-00297,Maize,F203,Kothapeta,4584,30.38,50.95,B,109,3.1,65.1
RICE-00298,Maize,F159,Amalapuram,2924,15.09,74.66,B,227,9.6,62.8
RICE-00299,Rice,F009,Rajahmundry,4112,32.17,61.3,A,228,11.9,73.4
RICE-00300,Maize,F228,Amalapuram,3363,21.09,68.42,B,70,7.4,83.7
RICE-00301,Chilli,F121,Konaseema,1697,28.66,58.53,A,167,22.4,51.3
RICE-00302,Rice,F210,Kothapeta,3206,28.23,81.44,A,297,16.7,79.3
RICE-00303,Chilli,F268,Rajahmundry,1733,32.42,56.23,B,84,13.5,100.0
RICE-00304,Wheat,F183,Rajahmundry,1033,29.75,61.63,A,211,20.0,96.8
RICE-00305,Rice,F201,Konaseema,1646,43.78,66.07,B,59,57.4,56.7
RICE-00306,Maize,F077,Amalapuram,1740,23.08,54.08,B,251,43.8,59.0
RICE-00307,Wheat,F072,Konaseema,1107,27.69,68.31,C,59,13.5,86.9
RICE-00308,Maize,F125,Amalapuram,606,26.03,81.12,A,96,14.0,45.2
RICE-00309,Rice,F255,Kothapeta,4747,29.39,60.1,A,143,5.1,96.7
RICE-00310,Wheat,F157,Amalapuram,2810,30.95,68.95,B,117,6.6,76.8
RICE-00311,Wheat,F105,Konaseema,2309,38.26,37.51,A,59,45.4,49.4
RICE-00312,Rice,F234,Kothapeta,4684,25.93,64.61,A,195,1.4,54.1
RICE-00313,Maize,F256,Konaseema,1511,42.38,61.87,B,15,45.2,49.2
RICE-00314,Rice,F270,Amalapuram,2312,24.72,56.82,C,295,12.3,78.5
RICE-00315,Wheat,F090,Konaseema,4310,29.08,75.81,B,25,25.7,75.0
RICE-00316,Wheat,F213,Konaseema,3344,21.55,61.74,A,106,12.4,59.5
RICE-00317,Wheat,F177,Kothapeta,2296,30.16,63.23,A,279,8.6,88.9
RICE-00318,Chilli,F135,Rajahmundry,1651,31.54,61.23,A,54,6.6,90.1
RICE-00319,Chilli,F119,Razole,658,27.63,45.83,A,31,16.5,100.0
RICE-00320,Maize,F035,Konaseema,882,11.68,53.68,A,225,18.6,95.1
RICE-00321,Rice,F083,Konaseema,1228,43.13,74.61,A,31,45.6,37.6
RICE-00322,Wheat,F165,Amalapuram,4039,36.43,43.9,A,270,23.3,64.9
RICE-00323,Chilli,F266,Razole,3376,24.27,57.34,A,140,19.7,59.5
RICE-00324,Chilli,F260,Razole,2450,40.1,61.0,A,262,46.9,60.9
RICE-00325,Rice,F057,Rajahmundry,4023,36.39,82.44,A,81,38.8,34.4
RICE-00326,Rice,F204,Amalapuram,1223,27.07,72.69,A,50,18.5,100.0
RICE-00327,Rice,F026,Konaseema,1449,32.52,59.43,B,289,17.2,87.9
RICE-00328,Rice,F202,Konaseema,2267,37.82,78.05,A,231,57.5,44.7
RICE-00329,Wheat,F103,Konaseema,4628,29.29,57.59,B,274,6.2,75.4
RICE-00330,Wheat,F135,Konaseema,3264,28.82,75.09,A,102,3.0,89.9
RICE-00331,Maize,F215,Rajahmundry,4329,30.49,51.41,A,127,4.6,79.8
RICE-00332,Maize,F128,Amalapuram,1616,38.18,75.73,A,177,35.7,39.5
RICE-00333,Chilli,F242,Rajahmundry,4317,31.86,60.94,A,140,15.9,90.4
RICE-00334,Maize,F160,Kothapeta,826,41.61,54.71,A,80,34.0,38.1
RICE-00335,Chilli,F299,Kothapeta,1524,29.23,62.83,B,118,23.2,68.0
RICE-00336,Chilli,F191,Kothapeta,2853,32.71,67.77,C,186,23.5,89.0
RICE-00337,Maize,F089,Rajahmundry,727,33.01,60.05,A,20,3.3,79.0
RICE-00338,Rice,F232,Konaseema,4362,24.87,70.54,A,107,14.4,87.3
RICE-00339,Chilli,F122,Konaseema,4403,32.82,59.17,B,94,3.5,73.2
RICE-00340,Wheat,F160,Kothapeta,2936,31.64,71.2,A,30,10.1,61.9
RICE-00341,Maize,F041,Amalapuram,1876,41.38,69.42,A,45,46.2,61.6
RICE-00342,Wheat,F036,Kothapeta,945,41.53,64.39,B,153,43.2,63.5
RICE-00343,Wheat,F172,Razole,3285,24.46,60.59,A,39,36.1,93.3
RICE-00344,Chilli,F056,Kothapeta,2919,25.47,66.52,B,110,17.7,74.2
RICE-00345,Maize,F299,Amalapuram,3919,24.55,70.5,A,172,6.0,75.5
RICE-00346,Chilli,F256,Amalapuram,3211,22.55,85.62,A,263,31.3,100.0
RICE-00347,Chilli,F210,Razole,1077,13.19,74.39,A,38,8.5,74.7
RICE-00348,Rice,F220,Amalapuram,1047,37.35,74.76,B,136,59.7,30.3
RICE-00349,Rice,F178,Kothapeta,4013,28.85,95.89,A,39,7.1,100.0
RICE-00350,Wheat,F019,Kothapeta,1215,24.53,70.16,B,134,28.5,79.3
RICE-00351,Rice,F118,Razole,4723,36.68,69.85,B,149,11.0,100.0
RICE-00352,Maize,F149,Razole,976,38.42,72.04,B,241,39.4,66.4
RICE-00353,Maize,F274,Kothapeta,3777,33.46,54.91,A,138,24.0,87.8
RICE-00354,Chilli,F066,Amalapuram,4888,28.31,60.56,A,281,17.9,100.0
RICE-00355,Chilli,F149,Amalapuram,2485,31.13,59.94,A,49,11.5,80.4
RICE-00356,Rice,F103,Kothapeta,755,28.4,71.48,A,25,23.1,76.0
RICE-00357,Chilli,F041,Amalapuram,4445,33.84,63.26,C,11,37.4,62.5
RICE-00358,Rice,F031,Razole,1342,27.28,66.38,A,113,15.2,96.2
RICE-00359,Wheat,F110,Amalapuram,2873,38.66,75.87,B,65,47.7,37.3
RICE-00360,Chilli,F025,Razole,4930,28.83,73.63,A,36,13.7,78.6
RICE-00361,Chilli,F021,Razole,3851,25.56,63.38,A,78,25.1,61.5
RICE-00362,Rice,F105,Rajahmundry,708,29.02,58.3,A,292,6.0,100.0
RICE-00363,Chilli,F061,Konaseema,4192,42.67,76.35,B,242,55.9,51.6
RICE-00364,Rice,F166,Razole,1225,25.65,72.74,A,15,3.4,79.5
RICE-00365,Wheat,F006,Konaseema,3872,44.51,48.94,A,275,54.4,54.2
RICE-00366,Maize,F091,Amalapuram,3294,33.29,61.87,B,69,6.8,100.0
RICE-00367,Maize,F136,Konaseema,1795,32.7,66.66,A,127,11.4,74.5
RICE-00368,Rice,F288,Konaseema,2406,27.06,72.79,A,105,29.7,63.4
RICE-00369,Chilli,F190,Konaseema,1030,15.08,74.1,A,127,17.4,53.6
RICE-00370,Maize,F264,Konaseema,4940,29.58,67.84,A,230,2.9,70.3
RICE-00371,Wheat,F103,Rajahmundry,1572,15.9,70.85,A,216,4.7,58.2
RICE-00372,Maize,F135,Konaseema,1889,34.35,65.64,A,182,25.7,70.7
RICE-00373,Maize,F126,Amalapuram,2762,27.85,58.26,B,191,23.3,91.2
RICE-00374,Chilli,F266,Razole,3525,32.0,62.39,A,220,12.3,74.4
RICE-00375,Rice,F287,Rajahmundry,2773,22.49,65.19,A,63,7.6,85.3
RICE-00376,Wheat,F288,Rajahmundry,2773,19.24,64.65,A,124,23.2,69.1
RICE-00377,Wheat,F225,Konaseema,3121,28.3,46.14,A,41,2.1,81.0
RICE-00378,Maize,F151,Rajahmundry,4359,38.75,61.03,A,214,39.7,56.0
RICE-00379,Maize,F162,Razole,2277,24.54,65.56,A,136,34.7,74.8
RICE-00380,Rice,F294,Konaseema,4244,27.42,62.19,A,194,14.1,85.8
RICE-00381,Chilli,F086,Kothapeta,4041,43.02,62.53,A,173,27.6,54.2
RICE-00382,Chilli,F104,Rajahmundry,4824,31.17,69.88,C,89,16.1,100.0
RICE-00383,Rice,F269,Amalapuram,4609,32.25,54.21,B,50,7.3,72.8
RICE-00384,Rice,F116,Konaseema,4091,31.22,48.72,A,292,1.9,95.8
RICE-00385,Rice,F071,Rajahmundry,1610,34.4,61.52,A,95,19.0,78.2
RICE-00386,Rice,F168,Rajahmundry,3984,36.13,72.64,A,41,43.9,45.4
RICE-00387,Chilli,F098,Rajahmundry,3814,41.4,81.88,B,98,41.0,43.9
RICE-00388,Chilli,F267,Rajahmundry,1802,26.06,72.82,A,271,8.2,73.2
RICE-00389,Rice,F272,Rajahmundry,3550,31.06,50.32,A,85,2.4,96.4
RICE-00390,Wheat,F092,Kothapeta,1638,22.15,62.68,A,296,10.5,68.6
RICE-00391,Rice,F159,Konaseema,2853,26.12,67.57,A,143,6.4,91.7
RICE-00392,Maize,F295,Razole,4085,36.96,66.78,A,259,57.6,65.9
RICE-00393,Wheat,F222,Amalapuram,1348,34.51,70.39,B,199,30.9,85.2
RICE-00394,Wheat,F065,Kothapeta,2016,30.75,55.83,C,22,16.7,73.1
RICE-00395,Chilli,F177,Razole,4078,40.59,65.65,A,157,49.1,34.5
RICE-00396,Rice,F186,Rajahmundry,2542,30.11,69.2,A,130,20.8,63.9
RICE-00397,Rice,F196,Amalapuram,4822,26.81,73.26,A,68,19.7,83.7
RICE-00398,Maize,F008,Amalapuram,535,27.99,56.94,A,169,7.9,80.7
RICE-00399,Maize,F090,Razole,3748,41.61,61.55,A,39,36.3,57.9
RICE-00400,Chilli,F256,Konaseema,4163,40.62,37.96,A,212,36.8,43.5
RICE-00401,Chilli,F073,Kothapeta,4630,27.75,58.79,B,248,16.4,82.0
RICE-00402,Maize,F090,Razole,1205,28.62,59.76,C,36,15.4,70.8
RICE-00403,Chilli,F097,Kothapeta,4928,33.05,54.8,B,148,8.2,78.1
RICE-00404,Maize,F054,Amalapuram,2265,34.86,66.66,B,199,1.3,64.9
RICE-00405,Wheat,F047,Rajahmundry,2084,34.85,64.44,A,28,13.5,100.0
RICE-00406,Maize,F104,Amalapuram,2099,22.01,42.41,A,122,10.0,95.9
RICE-00407,Rice,F262,Razole,3372,25.24,67.16,A,84,6.9,84.1
RICE-00408,Chilli,F001,Kothapeta,3466,29.4,55.72,A,21,17.1,97.6
RICE-00409,Rice,F085,Konaseema,2632,39.66,69.86,A,243,21.7,50.3
RICE-00410,Rice,F019,Kothapeta,819,34.4,52.18,B,138,37.3,41.6
RICE-00411,Rice,F168,Konaseema,4939,32.6,65.3,A,228,8.1,74.0
RICE-00412,Maize,F075,Rajahmundry,1499,25.06,62.17,A,180,6.6,59.3
RICE-00413,Rice,F237,Razole,922,22.58,68.03,A,263,0.9,76.5
RICE-00414,Rice,F175,Amalapuram,3188,38.46,66.25,C,299,32.4,48.0
RICE-00415,Wheat,F235,Kothapeta,2355,21.5,62.45,A,184,14.0,93.8
RICE-00416,Chilli,F190,Razole,3270,42.19,49.64,A,112,34.9,55.5
RICE-00417,Rice,F132,Amalapuram,4439,37.28,50.23,A,132,38.7,36.5
RICE-00418,Maize,F258,Amalapuram,937,34.96,59.16,B,249,7.8,80.2
RICE-00419,Wheat,F143,Kothapeta,1778,25.23,64.92,C,133,21.3,85.2
RICE-00420,Chilli,F285,Amalapuram,2824,14.8,58.92,A,160,4.3,72.2
RICE-00421,Wheat,F298,Razole,4045,29.52,71.25,C,66,11.7,100.0
RICE-00422,Chilli,F177,Konaseema,3202,41.83,62.21,A,297,31.8,41.8
RICE-00423,Wheat,F202,Rajahmundry,2222,41.9,55.35,B,198,42.9,64.3
RICE-00424,Maize,F077,Amalapuram,3245,26.57,62.22,A,105,9.2,68.1
RICE-00425,Rice,F244,Kothapeta,4909,37.93,67.26,A,179,51.9,45.2
RICE-00426,Chilli,F201,Konaseema,2660,30.95,68.25,B,126,16.8,79.1
RICE-00427,Chilli,F270,Amalapuram,4475,19.34,83.78,A,54,26.4,75.1
RICE-00428,Rice,F080,Razole,4009,24.41,58.31,A,263,19.3,89.5
RICE-00429,Wheat,F236,Amalapuram,1855,30.42,64.27,B,266,21.6,75.5
RICE-00430,Rice,F141,Konaseema,1622,44.7,69.26,C,252,45.7,38.8
RICE-00431,Wheat,F056,Kothapeta,3965,36.46,64.77,A,116,36.7,63.1
RICE-00432,Chilli,F052,Konaseema,1433,30.34,59.99,B,84,11.6,99.1
RICE-00433,Rice,F169,Amalapuram,2015,39.23,49.51,B,24,32.0,56.8
RICE-00434,Maize,F096,Kothapeta,1559,26.78,59.89,A,222,22.7,100.0
RICE-00435,Rice,F031,Kothapeta,3228,42.24,54.26,B,105,40.4,48.1
RICE-00436,Wheat,F128,Razole,1823,30.53,47.73,A,268,2.5,60.6
RICE-00437,Chilli,F196,Razole,3463,41.9,57.04,B,262,55.1,45.8
RICE-00438,Rice,F096,Rajahmundry,4706,44.39,54.53,A,47,33.9,53.8
RICE-00439,Maize,F286,Konaseema,4233,22.56,70.84,A,275,19.8,64.9
RICE-00440,Chilli,F234,Amalapuram,4765,21.2,71.01,A,50,11.8,100.0
RICE-00441,Maize,F154,Konaseema,610,36.35,55.96,A,152,33.2,33.2
RICE-00442,Rice,F280,Konaseema,2549,26.08,62.4,B,147,25.2,87.2
RICE-00443,Maize,F130,Amalapuram,1490,23.78,46.42,C,287,24.0,79.8
RICE-00444,Wheat,F042,Kothapeta,4630,29.94,60.06,A,200,24.1,60.6
RICE-00445,Wheat,F011,Rajahmundry,3703,24.77,68.99,A,263,1.6,100.0
RICE-00446,Maize,F281,Razole,1940,31.9,73.25,A,182,16.8,81.1
RICE-00447,Chilli,F287,Razole,3035,28.41,57.87,A,249,5.9,75.7
RICE-00448,Wheat,F222,Razole,3224,23.51,75.52,A,257,4.5,87.2
RICE-00449,Maize,F031,Konaseema,2730,22.67,49.84,B,259,9.1,71.2
RICE-00450,Chilli,F088,Rajahmundry,2634,18.76,52.52,B,129,25.2,82.2
RICE-00451,Chilli,F013,Rajahmundry,748,28.45,72.1,A,120,16.6,58.4
RICE-00452,Maize,F016,Konaseema,2536,25.23,81.71,A,295,32.2,96.3
RICE-00453,Rice,F074,Kothapeta,2067,15.14,69.93,B,229,13.8,78.4
RICE-00454,Wheat,F172,Rajahmundry,4182,24.32,64.6,A,276,36.5,97.4
RICE-00455,Wheat,F020,Kothapeta,4392,22.49,43.05,A,177,13.8,77.0
RICE-00456,Rice,F295,Rajahmundry,3876,40.0,44.78,A,279,38.7,46.1
RICE-00457,Wheat,F137,Rajahmundry,639,39.05,66.29,A,218,43.2,50.5
RICE-00458,Chilli,F079,Kothapeta,4285,19.79,61.42,A,225,23.1,91.4
RICE-00459,Rice,F155,Konaseema,2283,32.55,53.94,B,61,7.0,66.9
RICE-00460,Wheat,F237,Amalapuram,2373,42.0,65.66,A,174,46.8,46.3
RICE-00461,Rice,F094,Amalapuram,4753,23.28,66.15,A,222,24.8,80.0
RICE-00462,Wheat,F015,Kothapeta,4402,23.84,74.44,A,230,23.6,81.8
RICE-00463,Maize,F016,Kothapeta,728,30.08,66.37,B,287,23.3,54.4
RICE-00464,Rice,F255,Kothapeta,2119,15.36,77.28,A,104,8.4,76.5
RICE-00465,Chilli,F034,Konaseema,3873,17.69,65.08,A,97,11.5,91.9
RICE-00466,Rice,F191,Amalapuram,2924,25.6,63.85,A,291,11.4,74.3
RICE-00467,Wheat,F115,Razole,1659,34.75,75.64,A,295,19.8,76.6
RICE-00468,Rice,F233,Konaseema,2861,24.82,55.22,A,62,27.5,82.4
RICE-00469,Chilli,F019,Amalapuram,4399,27.5,93.14,B,119,15.7,78.1
RICE-00470,Wheat,F269,Rajahmundry,1504,32.67,68.75,A,284,31.7,64.5
RICE-00471,Chilli,F209,Konaseema,3857,37.53,68.81,A,67,21.0,79.5
RICE-00472,Maize,F135,Kothapeta,3806,24.12,70.25,A,237,9.7,94.9
RICE-00473,Maize,F062,Amalapuram,4485,26.92,83.77,B,42,20.3,64.2
RICE-00474,Wheat,F293,Konaseema,1840,36.11,72.93,B,61,29.1,74.4
RICE-00475,Chilli,F091,Kothapeta,1471,40.31,48.95,B,237,32.4,58.8
RICE-00476,Chilli,F147,Kothapeta,2964,32.14,79.03,A,186,23.9,94.1
RICE-00477,Rice,F118,Konaseema,2890,44.13,61.59,B,170,43.9,45.5
RICE-00478,Wheat,F069,Konaseema,2342,27.51,66.07,B,258,9.8,67.2
RICE-00479,Rice,F125,Konaseema,4006,25.79,52.21,A,99,17.8,81.4
RICE-00480,Maize,F046,Razole,4095,22.21,70.26,A,155,28.7,61.9
RICE-00481,Chilli,F001,Rajahmundry,1605,44.5,58.49,B,186,54.8,46.5
RICE-00482,Maize,F087,Konaseema,4079,28.38,66.0,A,224,16.5,58.1
RICE-00483,Chilli,F034,Amalapuram,1538,31.98,62.16,B,106,12.5,64.0
RICE-00484,Maize,F125,Amalapuram,2334,26.35,84.25,A,193,8.7,100.0
RICE-00485,Rice,F258,Amalapuram,622,27.35,84.82,A,140,10.4,69.0
RICE-00486,Maize,F049,Amalapuram,2031,29.86,65.47,A,167,13.4,87.0
RICE-00487,Wheat,F001,Konaseema,4813,22.14,65.64,B,260,29.2,67.5
RICE-00488,Chilli,F034,Kothapeta,2491,43.54,61.27,B,124,46.8,50.0
RICE-00489,Wheat,F152,Amalapuram,3695,31.1,76.06,A,203,12.5,64.6
RICE-00490,Chilli,F083,Amalapuram,985,40.02,61.71,A,283,3.3,80.6
RICE-00491,Chilli,F147,Amalapuram,3360,25.12,60.79,A,231,19.2,80.8
RICE-00492,Chilli,F009,Rajahmundry,2172,24.71,74.79,A,296,25.7,100.0
RICE-00493,Wheat,F100,Razole,3847,30.84,59.62,C,179,28.2,89.5
RICE-00494,Maize,F123,Kothapeta,4676,38.35,64.62,A,91,32.9,67.0
RICE-00495,Maize,F129,Amalapuram,2892,24.32,49.19,A,297,17.7,90.3
RICE-00496,Rice,F165,Rajahmundry,962,24.98,72.04,A,196,10.5,100.0
RICE-00497,Maize,F234,Rajahmundry,2642,44.82,84.41,C,80,57.8,50.8
RICE-00498,Chilli,F140,Konaseema,1053,22.86,72.21,A,101,15.1,67.4
RICE-00499,Maize,F252,Rajahmundry,2522,43.61,79.62,B,86,58.0,62.9
RICE-00500,Rice,F159,Razole,775,36.39,56.54,A,251,43.7,36.0
RICE-00501,Wheat,F078,Konaseema,3381,31.98,67.36,A,36,16.5,75.0
RICE-00502,Chilli,F069,Razole,1897,23.98,55.57,B,224,9.1,60.4
RICE-00503,Chilli,F097,Konaseema,1406,39.7,62.72,A,170,58.1,31.2
RICE-00504,Maize,F179,Konaseema,577,37.51,72.72,B,31,34.9,36.2
RICE-00505,Maize,F073,Konaseema,4496,20.7,66.02,A,187,39.1,77.0
RICE-00506,Wheat,F274,Kothapeta,4267,20.43,50.87,B,228,0.0,95.7
RICE-00507,Rice,F144,Razole,4152,26.23,51.85,B,220,0.6,79.5
RICE-00508,Maize,F259,Kothapeta,761,21.06,51.19,B,163,2.4,65.3
RICE-00509,Rice,F205,Konaseema,2073,23.49,69.91,A,107,11.0,59.8
RICE-00510,Chilli,F100,Konaseema,4871,23.13,85.64,B,57,21.0,76.6
RICE-00511,Wheat,F069,Rajahmundry,3103,24.8,78.62,C,13,17.9,68.6
RICE-00512,Chilli,F223,Rajahmundry,1078,33.61,46.04,A,114,13.7,83.1
RICE-00513,Chilli,F099,Razole,1134,30.31,79.21,A,193,17.3,59.0
RICE-00514,Chilli,F074,Konaseema,1684,27.08,74.36,B,20,5.1,92.2
RICE-00515,Rice,F279,Rajahmundry,4875,24.69,49.55,A,299,9.6,81.7
RICE-00516,Chilli,F145,Razole,1263,24.83,61.97,B,179,11.8,82.8
RICE-00517,Rice,F015,Kothapeta,4563,28.64,75.96,B,95,3.8,100.0
RICE-00518,Maize,F148,Konaseema,3551,29.92,70.5,A,289,0.4,73.4
RICE-00519,Wheat,F138,Rajahmundry,4648,22.46,51.91,A,63,0.8,69.1
RICE-00520,Maize,F259,Kothapeta,4217,27.18,71.11,A,287,19.6,71.8
RICE-00521,Rice,F213,Konaseema,1994,16.84,43.62,A,91,14.5,77.1
RICE-00522,Rice,F058,Amalapuram,4225,28.06,62.77,B,120,18.1,78.6
RICE-00523,Chilli,F045,Kothapeta,1261,30.81,76.38,A,133,6.4,67.5
RICE-00524,Maize,F181,Konaseema,1809,25.6,65.18,A,298,2.8,49.7
RICE-00525,Maize,F015,Amalapuram,1452,36.08,60.01,B,82,18.6,71.6
RICE-00526,Chilli,F096,Kothapeta,1099,22.59,73.89,A,292,15.8,85.4
RICE-00527,Rice,F042,Rajahmundry,905,37.67,74.75,B,110,45.7,54.9
RICE-00528,Chilli,F007,Konaseema,1343,26.82,78.1,A,92,6.2,98.0
RICE-00529,Chilli,F275,Kothapeta,1040,26.5,73.74,A,195,20.4,100.0
RICE-00530,Wheat,F027,Rajahmundry,2211,26.43,75.81,A,211,3.1,91.4
RICE-00531,Rice,F003,Rajahmundry,820,36.94,72.33,B,110,33.4,64.0
RICE-00532,Rice,F279,Rajahmundry,775,31.24,67.66,B,48,44.1,91.5
RICE-00533,Maize,F057,Konaseema,4954,33.89,65.9,B,124,10.7,100.0
RICE-00534,Wheat,F245,Rajahmundry,894,26.99,62.63,C,166,19.0,100.0
RICE-00535,Rice,F010,Rajahmundry,833,44.52,52.88,B,21,39.5,52.1
RICE-00536,Maize,F046,Amalapuram,635,23.49,55.45,B,32,16.3,90.6
RICE-00537,Rice,F034,Kothapeta,1096,30.83,62.18,A,276,9.9,76.9
RICE-00538,Wheat,F212,Kothapeta,2875,38.31,67.41,C,20,32.5,34.4
RICE-00539,Rice,F186,Kothapeta,4222,32.45,79.41,B,127,2.9,74.9
RICE-00540,Wheat,F143,Amalapuram,3807,39.96,64.58,B,231,49.4,51.6
RICE-00541,Rice,F073,Rajahmundry,3111,26.39,75.03,A,105,2.5,69.2
RICE-00542,Rice,F027,Rajahmundry,882,16.04,75.79,A,153,24.4,77.1
RICE-00543,Rice,F171,Amalapuram,3984,24.26,62.69,B,35,7.9,44.7
RICE-00544,Chilli,F069,Rajahmundry,667,33.16,70.95,A,240,2.0,100.0
RICE-00545,Rice,F177,Amalapuram,3339,29.77,62.56,A,193,27.9,76.7
RICE-00546,Maize,F206,Razole,2341,28.24,78.22,C,256,11.3,86.8
RICE-00547,Wheat,F254,Kothapeta,4469,44.59,71.36,A,260,49.5,58.6
RICE-00548,Wheat,F148,Kothapeta,1883,29.42,53.1,A,111,24.2,84.5
RICE-00549,Wheat,F002,Konaseema,3373,33.09,66.62,A,21,4.0,100.0
RICE-00550,Chilli,F084,Razole,2479,31.6,81.48,A,110,11.2,61.4
RICE-00551,Maize,F256,Amalapuram,2849,34.61,63.19,B,52,13.2,100.0
RICE-00552,Chilli,F160,Amalapuram,4724,44.37,69.48,C,164,38.9,41.6
RICE-00553,Maize,F186,Konaseema,3707,31.53,70.46,C,52,16.4,83.1
RICE-00554,Chilli,F137,Rajahmundry,2365,25.46,54.63,B,277,13.8,100.0
RICE-00555,Wheat,F049,Konaseema,2513,23.99,70.11,B,184,10.0,62.5
RICE-00556,Wheat,F269,Razole,3670,41.03,51.06,A,83,25.8,49.1
RICE-00557,Chilli,F232,Rajahmundry,2057,28.08,58.74,B,277,25.0,100.0
RICE-00558,Chilli,F298,Konaseema,1255,31.02,75.76,A,233,12.0,52.0
RICE-00559,Chilli,F256,Kothapeta,2604,27.62,68.57,A,136,8.1,88.4
RICE-00560,Wheat,F088,Kothapeta,807,43.72,61.96,C,52,53.1,51.5
RICE-00561,Rice,F077,Amalapuram,1263,27.05,69.46,B,109,6.5,100.0
RICE-00562,Maize,F075,Razole,2393,34.18,64.4,A,179,2.0,56.3
RICE-00563,Rice,F275,Kothapeta,4084,29.78,65.13,B,232,4.5,100.0
RICE-00564,Chilli,F167,Kothapeta,4016,18.44,71.57,A,85,27.0,71.6
RICE-00565,Rice,F136,Kothapeta,1673,25.92,57.73,A,225,9.9,73.3
RICE-00566,Rice,F290,Rajahmundry,2398,35.91,65.4,A,92,19.0,61.7
RICE-00567,Rice,F181,Razole,1190,25.93,61.88,A,81,12.8,63.7
RICE-00568,Wheat,F272,Amalapuram,3898,37.97,49.14,A,139,31.1,64.8
RICE-00569,Wheat,F295,Rajahmundry,1608,36.53,55.8,A,56,56.0,37.6
RICE-00570,Chilli,F024,Rajahmundry,4097,30.41,80.68,A,127,7.2,91.1
RICE-00571,Maize,F109,Rajahmundry,4289,26.65,68.85,A,113,13.8,70.1
RICE-00572,Maize,F220,Razole,3600,43.33,51.76,C,91,48.5,67.3
RICE-00573,Rice,F244,Amalapuram,1985,32.41,49.6,B,234,9.2,72.1
RICE-00574,Rice,F045,Razole,4788,39.59,63.88,B,106,33.9,48.9
RICE-00575,Maize,F096,Amalapuram,3587,36.28,80.61,A,211,45.6,66.5
RICE-00576,Chilli,F164,Amalapuram,3406,29.71,63.13,B,218,8.9,80.5
RICE-00577,Wheat,F239,Kothapeta,4353,28.22,78.07,B,203,2.3,90.4
RICE-00578,Chilli,F034,Rajahmundry,4466,27.73,68.52,A,88,2.7,96.2
RICE-00579,Rice,F180,Kothapeta,849,26.13,69.71,A,250,14.2,75.3
RICE-00580,Rice,F089,Amalapuram,4466,32.23,51.64,A,78,28.1,64.3
RICE-00581,Chilli,F065,Kothapeta,3942,22.67,74.38,A,90,14.0,81.1
RICE-00582,Rice,F155,Amalapuram,1429,18.89,61.65,A,263,1.8,87.1
RICE-00583,Rice,F124,Razole,1884,30.07,73.63,A,108,14.3,58.1
RICE-00584,Maize,F191,Amalapuram,3886,30.16,56.86,A,212,11.5,66.6
RICE-00585,Chilli,F095,Kothapeta,1474,29.4,66.77,B,22,20.6,69.2
RICE-00586,Wheat,F247,Amalapuram,2535,29.04,68.52,A,188,18.1,76.9
RICE-00587,Rice,F024,Amalapuram,3600,25.4,63.46,A,261,17.9,68.6
RICE-00588,Chilli,F258,Rajahmundry,3427,30.94,69.05,B,215,17.5,90.6
RICE-00589,Chilli,F009,Amalapuram,4594,43.96,62.34,A,178,45.4,64.9
RICE-00590,Chilli,F221,Konaseema,1001,24.56,58.51,A,256,2.2,56.3
RICE-00591,Chilli,F104,Amalapuram,1827,25.44,81.05,A,96,10.1,75.0
RICE-00592,Rice,F115,Kothapeta,4931,37.1,75.49,A,119,16.1,77.4
RICE-00593,Chilli,F006,Konaseema,3059,18.33,57.39,A,30,4.4,58.2
RICE-00594,Maize,F210,Amalapuram,1619,42.91,70.68,A,212,39.0,36.5
RICE-00595,Chilli,F050,Konaseema,1804,18.6,57.57,A,219,19.6,74.0
RICE-00596,Wheat,F198,Kothapeta,2026,26.46,53.15,C,227,12.5,74.1
RICE-00597,Chilli,F217,Razole,2994,24.83,75.34,C,227,3.3,82.3
RICE-00598,Wheat,F253,Rajahmundry,1780,16.57,47.96,A,46,2.2,70.1
RICE-00599,Wheat,F212,Amalapuram,3298,28.95,74.27,A,203,22.3,100.0
RICE-00600,Wheat,F091,Rajahmundry,2503,25.1,62.47,A,231,3.1,87.3
RICE-00601,Chilli,F221,Amalapuram,3246,39.24,62.88,B,69,53.7,36.4
RICE-00602,Wheat,F247,Razole,1198,37.54,69.1,B,148,53.8,52.2
RICE-00603,Rice,F095,Kothapeta,3305,34.18,70.81,A,274,11.0,81.9
RICE-00604,Chilli,F038,Razole,4661,37.27,56.74,A,130,34.1,42.0
RICE-00605,Wheat,F267,Razole,1107,42.47,72.18,A,228,42.2,49.8
RICE-00606,Maize,F045,Kothapeta,1973,27.23,66.13,B,163,18.1,91.5
RICE-00607,Wheat,F178,Amalapuram,3620,41.52,52.44,B,200,47.6,43.9
RICE-00608,Chilli,F071,Kothapeta,3278,35.41,63.3,A,191,17.0,100.0
RICE-00609,Chilli,F038,Rajahmundry,3536,32.67,78.81,A,198,12.9,99.4
RICE-00610,Chilli,F233,Rajahmundry,3018,22.29,81.77,A,236,5.6,83.0
RICE-00611,Maize,F043,Rajahmundry,3571,28.01,72.17,B,272,20.5,76.1
RICE-00612,Chilli,F201,Konaseema,3242,29.2,53.1,C,95,10.0,87.6
RICE-00613,Maize,F208,Kothapeta,833,36.3,69.91,A,279,39.9,48.5
RICE-00614,Wheat,F019,Konaseema,3880,29.35,73.51,A,192,28.2,100.0
RICE-00615,Wheat,F052,Razole,2510,38.36,72.26,A,182,26.4,81.2
RICE-00616,Rice,F238,Rajahmundry,731,30.2,72.85,A,105,15.9,73.9
RICE-00617,Maize,F152,Konaseema,2340,34.37,68.63,B,130,9.0,73.1
RICE-00618,Rice,F037,Razole,2458,27.91,64.28,A,198,5.6,61.8
RICE-00619,Rice,F297,Rajahmundry,890,39.72,58.92,B,115,32.2,35.4
RICE-00620,Maize,F080,Rajahmundry,4982,28.91,46.02,A,93,17.4,67.7
RICE-00621,Maize,F002,Amalapuram,1500,37.22,68.4,A,247,46.9,50.8
RICE-00622,Rice,F277,Konaseema,1987,22.18,66.86,A,130,19.6,60.6
RICE-00623,Maize,F005,Rajahmundry,2484,33.33,70.58,A,196,33.3,81.9
RICE-00624,Wheat,F166,Rajahmundry,4246,33.86,51.62,A,19,11.4,97.3
RICE-00625,Rice,F297,Kothapeta,3843,22.04,71.45,B,32,1.4,47.7
RICE-00626,Maize,F173,Rajahmundry,3969,36.16,85.55,A,255,29.5,65.5
RICE-00627,Maize,F175,Konaseema,1566,26.57,65.78,A,51,19.8,73.6
RICE-00628,Wheat,F117,Razole,4304,28.7,64.38,A,240,11.4,82.1
RICE-00629,Maize,F038,Konaseema,4233,44.63,68.09,A,271,45.0,61.8
RICE-00630,Wheat,F172,Rajahmundry,2587,31.97,85.32,B,149,6.7,90.9
RICE-00631,Maize,F269,Razole,2956,37.11,54.76,C,266,42.1,44.1
RICE-00632,Maize,F028,Rajahmundry,667,34.05,67.03,A,133,10.4,95.0
RICE-00633,Maize,F264,Kothapeta,3921,28.55,57.0,B,286,4.7,87.8
RICE-00634,Rice,F125,Konaseema,4824,41.73,59.53,B,78,58.8,46.0
RICE-00635,Wheat,F161,Konaseema,2626,22.83,64.5,C,134,0.0,87.8
RICE-00636,Rice,F050,Amalapuram,2932,38.49,78.47,A,122,32.3,36.4
RICE-00637,Maize,F186,Razole,2746,29.35,83.01,A,237,11.0,93.5
RICE-00638,Chilli,F055,Konaseema,871,30.56,69.48,A,22,18.4,52.9
RICE-00639,Chilli,F082,Rajahmundry,3288,18.96,61.23,B,250,6.6,100.0
RICE-00640,Wheat,F216,Amalapuram,3746,41.3,89.93,B,16,29.4,57.8
RICE-00641,Chilli,F016,Kothapeta,4675,37.93,60.72,A,101,44.2,44.9
RICE-00642,Chilli,F134,Amalapuram,4684,28.43,59.29,A,182,23.0,80.4
RICE-00643,Maize,F178,Kothapeta,2713,17.43,47.25,B,52,6.8,95.9
RICE-00644,Chilli,F040,Kothapeta,4815,40.5,78.96,B,152,51.5,65.7
RICE-00645,Maize,F089,Konaseema,2878,24.28,74.68,A,299,13.6,89.4
RICE-00646,Maize,F103,Kothapeta,3389,34.06,89.18,B,248,17.0,76.2
RICE-00647,Wheat,F199,Razole,3208,26.56,51.1,A,18,28.4,100.0
RICE-00648,Chilli,F293,Rajahmundry,4994,28.02,79.58,A,181,15.5,86.6
RICE-00649,Chilli,F251,Amalapuram,3818,41.57,65.7,A,183,34.1,56.3
RICE-00650,Maize,F057,Rajahmundry,1040,22.51,73.06,B,29,19.2,47.5
RICE-00651,Wheat,F006,Rajahmundry,823,22.04,48.52,C,198,0.5,78.7
RICE-00652,Rice,F016,Rajahmundry,2344,26.02,79.68,A,161,2.4,86.2
RICE-00653,Chilli,F179,Amalapuram,2820,44.63,72.87,A,207,40.8,30.1
RICE-00654,Wheat,F047,Rajahmundry,3508,20.35,64.61,A,96,1.3,94.4
RICE-00655,Wheat,F070,Kothapeta,2667,18.66,71.45,A,84,20.0,74.5
RICE-00656,Chilli,F254,Konaseema,2815,31.12,57.35,A,223,14.9,80.7
RICE-00657,Wheat,F262,Amalapuram,4647,23.99,59.21,A,219,12.8,97.7
RICE-00658,Rice,F251,Razole,2006,25.04,60.37,A,56,13.9,45.8
RICE-00659,Maize,F076,Konaseema,2720,17.72,46.47,A,72,32.6,88.8
RICE-00660,Rice,F186,Kothapeta,3008,23.61,73.62,A,180,3.1,75.0
RICE-00661,Wheat,F183,Razole,2607,26.96,76.92,B,250,32.5,66.3
RICE-00662,Rice,F056,Konaseema,4856,31.65,57.99,A,68,2.5,85.0
RICE-00663,Rice,F166,Kothapeta,4829,36.79,68.48,B,73,32.1,42.7
RICE-00664,Wheat,F158,Amalapuram,2809,35.29,62.34,C,244,10.0,95.6
RICE-00665,Wheat,F119,Kothapeta,2527,23.58,68.28,A,212,15.6,78.0
RICE-00666,Wheat,F225,Amalapuram,3150,23.58,58.72,A,271,1.0,93.1
RICE-00667,Chilli,F203,Rajahmundry,1313,34.69,56.17,A,237,1.3,93.0
RICE-00668,Chilli,F160,Konaseema,2416,40.92,75.52,A,286,38.8,45.0
RICE-00669,Rice,F218,Rajahmundry,1476,24.24,64.36,A,64,19.8,69.6
RICE-00670,Chilli,F229,Razole,1148,41.93,85.22,A,88,49.8,51.8
RICE-00671,Wheat,F170,Rajahmundry,928,33.77,65.46,A,79,30.1,92.6
RICE-00672,Wheat,F081,Rajahmundry,3141,34.33,55.74,A,26,5.1,79.4
RICE-00673,Rice,F227,Konaseema,502,22.92,77.27,A,235,14.2,64.3
RICE-00674,Wheat,F215,Rajahmundry,3407,26.79,71.31,B,201,0.9,54.7
RICE-00675,Wheat,F295,Kothapeta,2443,27.45,72.27,A,34,8.6,92.5
RICE-00676,Wheat,F045,Rajahmundry,2149,22.07,76.91,A,67,6.8,71.8
RICE-00677,Rice,F126,Rajahmundry,3961,26.72,58.47,B,65,16.6,85.0
RICE-00678,Wheat,F277,Kothapeta,2924,27.03,63.73,A,126,22.2,98.6
RICE-00679,Chilli,F154,Amalapuram,3800,32.7,63.29,B,142,21.9,60.4
RICE-00680,Wheat,F282,Konaseema,3692,33.04,52.09,A,93,3.6,79.3
RICE-00681,Rice,F004,Konaseema,644,25.35,62.36,A,279,22.0,77.4
RICE-00682,Chilli,F011,Amalapuram,1469,25.93,78.36,C,71,11.6,85.7
RICE-00683,Chilli,F239,Rajahmundry,3064,44.5,67.37,A,172,38.1,67.0
RICE-00684,Rice,F108,Kothapeta,4889,24.07,51.54,A,137,4.9,60.1
RICE-00685,Chilli,F156,Kothapeta,1194,29.94,49.44,C,122,6.4,88.5
RICE-00686,Maize,F128,Amalapuram,975,26.56,81.65,B,249,29.4,95.5
RICE-00687,Wheat,F122,Kothapeta,4734,22.15,64.1,B,293,15.1,77.2
RICE-00688,Maize,F281,Razole,4850,22.22,58.53,A,11,13.7,77.9
RICE-00689,Chilli,F029,Rajahmundry,1253,34.24,62.26,A,144,9.4,86.3
RICE-00690,Chilli,F231,Razole,2307,38.26,50.23,B,44,37.6,53.1
RICE-00691,Chilli,F267,Razole,3319,35.2,79.23,A,135,25.1,88.7
RICE-00692,Chilli,F197,Rajahmundry,1378,24.43,61.07,A,188,4.8,88.4
RICE-00693,Chilli,F119,Kothapeta,1968,28.46,78.67,B,129,9.3,65.3
RICE-00694,Rice,F048,Rajahmundry,2278,38.96,65.52,A,99,9.9,94.9
RICE-00695,Maize,F205,Amalapuram,3387,21.71,79.3,A,100,13.5,97.5
RICE-00696,Wheat,F141,Konaseema,1886,17.51,67.57,A,96,5.0,82.8
RICE-00697,Wheat,F045,Kothapeta,2355,33.43,73.53,A,104,16.4,57.6
RICE-00698,Rice,F108,Konaseema,1803,22.87,72.19,B,118,26.5,78.3
RICE-00699,Rice,F288,Konaseema,3918,26.9,71.23,B,209,1.1,82.9
RICE-00700,Wheat,F080,Rajahmundry,1188,24.07,68.48,A,37,0.7,62.8
RICE-00701,Wheat,F054,Razole,1538,28.34,62.67,A,21,7.2,74.6
RICE-00702,Rice,F204,Amalapuram,1624,22.25,84.15,A,159,7.6,58.9
RICE-00703,Rice,F060,Rajahmundry,4576,26.1,55.93,A,207,32.0,89.1
RICE-00704,Rice,F276,Konaseema,4750,39.26,65.04,A,85,34.1,51.5
RICE-00705,Wheat,F257,Amalapuram,2750,21.96,65.15,C,68,21.4,55.3
RICE-00706,Rice,F295,Razole,1203,36.85,69.02,A,191,29.0,47.0
RICE-00707,Wheat,F273,Amalapuram,3902,25.26,60.71,A,121,9.1,79.2
RICE-00708,Maize,F073,Razole,2714,19.86,68.15,C,223,2.5,87.7
RICE-00709,Maize,F064,Rajahmundry,4323,24.89,63.31,A,52,19.8,74.1
RICE-00710,Wheat,F103,Konaseema,2119,27.59,49.18,C,45,16.9,68.0
RICE-00711,Wheat,F141,Konaseema,4994,25.0,65.1,A,170,24.9,68.4
RICE-00712,Wheat,F264,Rajahmundry,4131,38.58,53.99,A,123,53.9,30.9
RICE-00713,Chilli,F220,Kothapeta,1507,26.9,47.66,C,221,10.6,80.3
RICE-00714,Chilli,F193,Kothapeta,3764,23.72,66.37,A,156,13.7,82.2
RICE-00715,Chilli,F263,Kothapeta,1791,38.06,69.88,A,112,26.5,34.2
RICE-00716,Wheat,F194,Kothapeta,2074,44.08,70.27,A,56,59.3,36.4
RICE-00717,Maize,F114,Razole,1626,24.68,70.67,B,57,19.4,74.7
RICE-00718,Rice,F124,Kothapeta,3569,29.43,45.67,A,229,11.8,100.0
RICE-00719,Wheat,F155,Konaseema,1682,43.89,51.39,A,75,31.0,32.2
RICE-00720,Rice,F027,Razole,3374,38.68,84.74,B,155,57.9,45.2
RICE-00721,Chilli,F222,Razole,3121,37.66,54.53,B,247,39.5,37.4
RICE-00722,Chilli,F196,Konaseema,3878,29.54,71.11,A,270,26.5,86.3
RICE-00723,Rice,F219,Amalapuram,4970,18.13,58.13,A,87,28.7,59.3
RICE-00724,Chilli,F160,Razole,539,29.27,65.8,A,41,15.6,92.6
RICE-00725,Rice,F235,Razole,4956,33.16,58.67,A,234,31.6,66.3
RICE-00726,Wheat,F284,Konaseema,992,25.89,70.62,A,209,11.6,93.6
RICE-00727,Rice,F171,Konaseema,2870,31.98,66.37,A,106,21.5,76.8
RICE-00728,Maize,F133,Kothapeta,2034,23.55,60.52,A,182,7.5,73.4
RICE-00729,Wheat,F032,Kothapeta,3375,42.31,54.5,A,64,48.7,55.4
RICE-00730,Wheat,F233,Rajahmundry,3747,27.71,67.68,B,213,5.2,88.5
RICE-00731,Maize,F271,Kothapeta,4369,18.22,52.87,A,220,8.6,94.6
RICE-00732,Chilli,F210,Rajahmundry,2308,25.8,69.27,C,96,24.9,86.5
RICE-00733,Chilli,F259,Amalapuram,4698,33.43,91.26,C,145,5.6,73.3
RICE-00734,Rice,F258,Kothapeta,1950,40.35,78.5,A,106,25.9,52.5
RICE-00735,Wheat,F239,Konaseema,1417,20.6,72.18,C,19,0.2,98.1
RICE-00736,Wheat,F151,Kothapeta,2206,21.84,64.14,B,46,10.0,82.0
RICE-00737,Maize,F030,Konaseema,2878,26.68,45.61,A,288,29.6,100.0
RICE-00738,Wheat,F001,Kothapeta,3506,25.17,51.78,B,142,32.9,92.8
RICE-00739,Chilli,F062,Amalapuram,4247,34.0,77.83,A,52,4.6,83.2
RICE-00740,Chilli,F129,Konaseema,1511,31.77,57.1,B,22,8.5,83.8
RICE-00741,Chilli,F223,Konaseema,1864,42.33,58.01,A,112,49.2,32.0
RICE-00742,Wheat,F137,Kothapeta,4724,27.73,63.34,A,295,21.9,61.2
RICE-00743,Maize,F007,Rajahmundry,2479,28.97,54.38,A,121,14.9,78.6
RICE-00744,Chilli,F063,Konaseema,1587,22.69,52.73,C,299,5.6,83.3
RICE-00745,Maize,F293,Kothapeta,4935,31.29,64.5,A,151,12.7,73.8
RICE-00746,Wheat,F296,Amalapuram,2520,21.44,56.08,A,231,7.2,85.1
RICE-00747,Maize,F113,Rajahmundry,4932,31.18,57.59,A,237,28.1,80.3
RICE-00748,Maize,F241,Kothapeta,4636,32.93,57.19,A,18,17.5,91.6
RICE-00749,Rice,F216,Rajahmundry,4577,28.05,70.22,B,11,18.7,89.9
RICE-00750,Chilli,F279,Amalapuram,3118,39.24,62.68,B,277,55.5,55.6
RICE-00751,Rice,F266,Konaseema,4093,29.0,63.21,A,280,11.3,59.5
RICE-00752,Rice,F188,Kothapeta,4822,12.69,70.97,A,48,32.8,100.0
RICE-00753,Chilli,F118,Razole,1711,28.51,63.58,A,197,25.3,77.9
RICE-00754,Wheat,F188,Rajahmundry,669,26.43,62.22,A,277,6.5,78.8
RICE-00755,Maize,F096,Rajahmundry,1943,44.1,69.7,B,285,29.4,37.8
RICE-00756,Wheat,F105,Rajahmundry,3366,30.53,71.68,B,95,0.0,72.7
RICE-00757,Maize,F183,Razole,2962,26.63,63.53,A,247,29.1,100.0
RICE-00758,Rice,F171,Amalapuram,862,21.3,65.81,A,197,14.4,100.0
RICE-00759,Wheat,F174,Kothapeta,3023,26.29,57.18,A,279,4.3,86.7
RICE-00760,Rice,F116,Konaseema,1284,27.34,56.39,A,52,12.3,78.4
RICE-00761,Wheat,F123,Kothapeta,2774,27.57,72.69,A,184,14.1,89.3
RICE-00762,Chilli,F004,Amalapuram,3090,36.81,69.45,B,17,44.8,65.1
RICE-00763,Chilli,F180,Konaseema,3365,40.58,69.55,A,113,46.0,44.1
RICE-00764,Maize,F173,Amalapuram,2356,21.57,67.81,C,13,20.5,85.1
RICE-00765,Chilli,F280,Kothapeta,2337,27.88,65.46,A,138,7.4,73.4
RICE-00766,Wheat,F151,Amalapuram,3553,41.93,71.96,A,245,28.6,39.5
RICE-00767,Maize,F140,Rajahmundry,3871,18.33,74.35,A,200,22.1,83.1
RICE-00768,Rice,F021,Kothapeta,4134,27.9,74.11,A,101,2.5,89.0
RICE-00769,Maize,F059,Rajahmundry,2000,24.07,63.99,A,133,14.3,70.7
RICE-00770,Wheat,F102,Razole,2408,25.15,78.87,A,116,12.7,90.7
RICE-00771,Chilli,F113,Konaseema,1988,22.48,67.28,B,222,29.1,66.4
RICE-00772,Rice,F109,Amalapuram,2873,26.15,71.32,A,87,9.7,71.4
RICE-00773,Wheat,F118,Razole,1072,36.21,67.82,B,36,10.3,72.1
RICE-00774,Chilli,F230,Kothapeta,2435,20.68,67.47,B,156,20.5,63.9
RICE-00775,Chilli,F040,Amalapuram,1349,21.15,57.64,A,250,1.3,95.2
RICE-00776,Maize,F100,Kothapeta,2895,20.49,72.01,A,148,9.8,65.5
RICE-00777,Rice,F049,Rajahmundry,4327,35.64,93.45,A,69,7.4,69.5
RICE-00778,Maize,F093,Amalapuram,4934,24.69,61.25,A,23,10.6,98.8
RICE-00779,Chilli,F205,Konaseema,2508,26.87,65.71,B,283,20.5,71.4
RICE-00780,Chilli,F014,Amalapuram,753,24.99,60.54,C,230,17.5,77.2
RICE-00781,Wheat,F102,Rajahmundry,1525,22.28,60.12,A,55,4.5,64.8
RICE-00782,Rice,F008,Razole,971,25.82,80.44,A,31,13.4,92.5
RICE-00783,Rice,F286,Rajahmundry,3917,39.29,58.27,B,47,26.9,92.7
RICE-00784,Maize,F218,Rajahmundry,4931,33.96,60.26,B,119,3.7,91.1
RICE-00785,Wheat,F073,Konaseema,2992,22.74,49.13,A,245,13.5,88.1
RICE-00786,Rice,F060,Amalapuram,1295,30.24,57.42,B,56,10.1,81.1
RICE-00787,Wheat,F030,Konaseema,595,22.84,47.92,A,247,11.4,72.1
RICE-00788,Wheat,F142,Konaseema,4892,18.12,71.32,A,10,4.3,67.8
RICE-00789,Rice,F226,Rajahmundry,1923,32.1,93.0,A,224,26.1,99.3
RICE-00790,Rice,F175,Rajahmundry,1004,43.64,61.33,A,91,59.2,58.8
RICE-00791,Maize,F264,Konaseema,1296,32.23,48.33,B,288,22.3,69.6
RICE-00792,Wheat,F103,Razole,1648,24.65,74.0,A,147,5.8,80.6
RICE-00793,Chilli,F084,Kothapeta,3451,26.17,57.73,A,88,5.7,75.5
RICE-00794,Maize,F143,Konaseema,4513,40.18,77.99,A,80,30.5,66.7
RICE-00795,Maize,F061,Rajahmundry,1737,28.96,62.18,A,249,21.9,82.7
RICE-00796,Chilli,F292,Rajahmundry,3592,25.03,58.68,A,126,14.1,73.8
RICE-00797,Maize,F056,Kothapeta,792,18.9,63.22,A,112,19.6,65.7
RICE-00798,Maize,F144,Razole,545,27.57,72.58,B,223,9.1,57.8
RICE-00799,Maize,F157,Amalapuram,747,32.4,62.73,A,165,11.9,56.5
RICE-00800,Rice,F018,Razole,4654,21.01,60.03,B,202,5.4,74.4
RICE-00801,Maize,F141,Kothapeta,3117,30.19,63.01,A,139,21.0,78.7
RICE-00802,Wheat,F136,Rajahmundry,4123,28.66,52.28,B,28,5.1,66.9
RICE-00803,Chilli,F078,Konaseema,597,44.34,68.97,B,11,42.8,34.1
RICE-00804,Wheat,F039,Konaseema,600,31.36,47.13,A,21,8.8,79.0
RICE-00805,Chilli,F014,Rajahmundry,4319,23.53,60.56,A,176,12.2,88.7
RICE-00806,Wheat,F003,Amalapuram,961,44.51,72.59,C,158,51.2,38.3
RICE-00807,Rice,F144,Amalapuram,1199,24.33,68.03,A,226,12.2,68.2
RICE-00808,Maize,F027,Razole,2835,31.45,70.9,B,269,9.0,81.7
RICE-00809,Chilli,F287,Konaseema,3229,24.29,64.35,A,60,11.7,61.1
RICE-00810,Rice,F074,Kothapeta,1529,23.53,76.7,A,287,20.9,88.1
RICE-00811,Chilli,F196,Amalapuram,2501,17.89,74.25,A,280,5.4,65.9
RICE-00812,Wheat,F202,Konaseema,3536,35.76,69.46,B,188,10.7,93.8
RICE-00813,Maize,F149,Rajahmundry,2492,42.17,74.28,A,163,37.8,37.9
RICE-00814,Chilli,F265,Konaseema,2221,38.94,72.5,B,61,54.3,44.2
RICE-00815,Chilli,F034,Konaseema,823,31.84,60.61,B,61,11.0,63.2
RICE-00816,Rice,F070,Razole,2533,29.88,51.56,A,15,30.1,69.8
RICE-00817,Rice,F076,Rajahmundry,4112,25.78,69.2,A,197,10.4,85.7
RICE-00818,Wheat,F041,Konaseema,3320,38.75,70.46,A,135,57.6,43.1
RICE-00819,Chilli,F089,Razole,4518,24.86,75.9,A,65,10.3,100.0
RICE-00820,Rice,F094,Kothapeta,1067,40.17,55.64,B,48,1.2,80.6
RICE-00821,Wheat,F229,Rajahmundry,549,43.0,55.94,A,28,33.5,58.4
RICE-00822,Rice,F091,Konaseema,2966,24.68,69.6,A,195,6.7,75.7
RICE-00823,Wheat,F263,Rajahmundry,1303,29.33,64.29,B,208,23.4,96.5
RICE-00824,Wheat,F232,Razole,3172,37.77,46.14,A,193,45.2,59.1
RICE-00825,Rice,F270,Rajahmundry,4567,44.89,68.75,A,42,33.6,40.2
RICE-00826,Wheat,F032,Amalapuram,2017,23.69,46.48,A,21,24.3,44.9
RICE-00827,Chilli,F295,Rajahmundry,2972,29.51,55.55,A,40,27.5,63.2
RICE-00828,Chilli,F184,Razole,3567,32.33,78.52,B,227,24.6,87.0
RICE-00829,Rice,F294,Konaseema,1175,28.92,83.25,A,224,3.5,60.3
RICE-00830,Rice,F107,Rajahmundry,4538,27.47,52.84,A,95,7.0,86.4
RICE-00831,Rice,F285,Razole,1412,44.07,61.71,A,26,51.4,51.5
RICE-00832,Maize,F176,Amalapuram,4137,26.72,65.43,A,102,14.4,72.5
RICE-00833,Rice,F022,Kothapeta,3469,24.12,82.81,B,244,9.3,65.5
RICE-00834,Chilli,F123,Amalapuram,1134,24.75,60.07,A,51,19.2,72.9
RICE-00835,Chilli,F042,Kothapeta,3761,34.4,60.23,B,240,22.1,65.5
RICE-00836,Chilli,F282,Rajahmundry,1384,26.46,80.49,B,144,6.3,78.5
RICE-00837,Rice,F092,Rajahmundry,3197,23.07,61.25,A,51,14.2,81.5
RICE-00838,Rice,F067,Amalapuram,4818,24.42,72.22,B,280,21.3,75.4
RICE-00839,Chilli,F166,Rajahmundry,4789,32.5,50.23,A,160,0.4,100.0
RICE-00840,Maize,F128,Kothapeta,4420,30.38,63.29,C,204,12.1,69.2
RICE-00841,Wheat,F029,Razole,2723,29.8,48.4,A,38,0.9,100.0
RICE-00842,Chilli,F245,Razole,3017,25.71,54.45,A,117,2.2,64.4
RICE-00843,Rice,F253,Kothapeta,1851,29.87,73.39,A,193,6.4,81.1
RICE-00844,Rice,F223,Kothapeta,4644,23.78,64.5,A,197,16.8,97.7
RICE-00845,Rice,F185,Kothapeta,2647,25.7,61.81,B,28,8.8,97.0
RICE-00846,Rice,F121,Rajahmundry,3972,31.85,57.51,A,185,5.5,73.7
RICE-00847,Rice,F163,Amalapuram,2118,31.37,62.79,A,283,12.5,88.3
RICE-00848,Chilli,F156,Amalapuram,3831,22.09,68.01,A,238,0.5,86.3
RICE-00849,Wheat,F050,Amalapuram,1509,22.72,74.83,B,70,16.3,71.9
RICE-00850,Chilli,F025,Konaseema,3802,27.54,38.75,B,274,23.3,89.2
RICE-00851,Chilli,F076,Amalapuram,706,35.63,56.68,A,208,11.2,100.0
RICE-00852,Chilli,F136,Konaseema,971,17.42,66.59,A,26,10.0,87.1
RICE-00853,Rice,F048,Konaseema,2084,28.39,64.01,A,47,15.7,88.5
RICE-00854,Maize,F032,Razole,2669,20.12,69.03,B,277,8.3,90.1
RICE-00855,Chilli,F255,Konaseema,3701,23.83,67.68,B,70,17.4,58.1
RICE-00856,Rice,F113,Kothapeta,2115,25.18,61.95,A,38,43.0,86.9
RICE-00857,Rice,F175,Razole,582,24.9,59.73,B,140,10.8,64.7
RICE-00858,Wheat,F157,Razole,1964,24.33,62.54,A,162,10.8,71.2
RICE-00859,Chilli,F220,Kothapeta,2476,27.04,76.49,B,176,19.4,100.0
RICE-00860,Chilli,F222,Konaseema,2946,24.32,57.68,A,201,28.5,76.2
RICE-00861,Chilli,F089,Rajahmundry,3398,19.69,64.37,A,299,21.7,68.9
RICE-00862,Rice,F254,Rajahmundry,1614,43.86,66.83,A,230,50.5,41.7
RICE-00863,Chilli,F112,Razole,3246,30.76,80.6,A,17,17.6,65.8
RICE-00864,Chilli,F250,Konaseema,3342,31.22,62.0,C,35,37.7,73.3
RICE-00865,Wheat,F122,Konaseema,3994,19.3,74.59,A,10,18.2,98.7
RICE-00866,Chilli,F034,Amalapuram,2849,28.49,77.32,B,124,0.5,80.6
RICE-00867,Chilli,F228,Konaseema,4147,39.85,64.36,B,111,50.4,46.3
RICE-00868,Maize,F010,Rajahmundry,1497,21.84,62.89,B,280,0.8,88.2
RICE-00869,Rice,F231,Amalapuram,3702,27.05,61.71,C,116,24.3,74.1
RICE-00870,Maize,F013,Amalapuram,706,26.42,62.44,A,18,2.4,100.0
RICE-00871,Rice,F062,Rajahmundry,962,42.22,73.54,A,266,33.1,48.4
RICE-00872,Rice,F181,Rajahmundry,4391,36.62,67.31,A,85,3.4,95.8
RICE-00873,Rice,F282,Amalapuram,2637,18.68,67.35,A,274,6.5,100.0
RICE-00874,Wheat,F123,Amalapuram,3293,39.47,53.75,B,234,26.9,67.2
RICE-00875,Wheat,F037,Kothapeta,3215,22.42,55.33,A,265,13.0,77.1
RICE-00876,Wheat,F070,Razole,3626,31.9,86.43,A,247,6.4,85.8
RICE-00877,Wheat,F268,Rajahmundry,1605,44.76,63.22,A,51,26.2,41.9
RICE-00878,Wheat,F218,Rajahmundry,1302,22.02,57.25,A,191,6.7,84.1
RICE-00879,Wheat,F031,Rajahmundry,691,39.26,79.31,B,129,46.1,66.9
RICE-00880,Rice,F116,Konaseema,4391,44.54,67.82,A,192,59.6,42.2
RICE-00881,Chilli,F080,Amalapuram,1506,41.83,70.78,B,226,25.3,46.1
RICE-00882,Maize,F054,Kothapeta,3088,28.15,63.62,B,155,6.4,81.1
RICE-00883,Rice,F254,Konaseema,2547,36.54,61.81,B,100,29.4,34.0
RICE-00884,Chilli,F185,Amalapuram,1230,27.38,63.3,A,275,4.8,71.0
RICE-00885,Wheat,F054,Konaseema,2362,26.16,51.17,B,202,9.6,71.7
RICE-00886,Rice,F195,Rajahmundry,874,32.48,64.12,A,266,1.2,78.2
RICE-00887,Rice,F124,Konaseema,1295,29.9,67.96,A,78,21.9,79.3
RICE-00888,Rice,F019,Konaseema,1128,30.66,83.5,B,253,33.0,73.4
RICE-00889,Maize,F135,Konaseema,4209,23.68,65.86,B,103,5.6,84.9
RICE-00890,Rice,F056,Konaseema,3053,21.77,41.66,A,143,8.5,52.8
RICE-00891,Wheat,F074,Kothapeta,4665,24.16,64.06,B,259,24.6,69.0
RICE-00892,Wheat,F263,Amalapuram,2461,23.9,92.4,A,112,2.5,75.8
RICE-00893,Chilli,F213,Rajahmundry,1406,44.1,73.66,A,82,56.3,51.9
RICE-00894,Wheat,F041,Amalapuram,3238,31.88,56.89,C,275,24.2,100.0
RICE-00895,Wheat,F255,Kothapeta,4683,26.22,70.91,A,289,12.8,80.3
RICE-00896,Wheat,F172,Razole,2896,34.15,57.58,B,100,17.5,82.7
RICE-00897,Rice,F262,Razole,580,33.84,51.46,A,98,29.6,72.8
RICE-00898,Rice,F224,Razole,1866,28.22,61.52,B,76,31.5,79.8
RICE-00899,Wheat,F102,Amalapuram,4662,22.89,65.92,B,16,11.4,61.8
RICE-00900,Rice,F160,Kothapeta,2832,34.88,46.28,B,170,6.7,77.5
RICE-00901,Rice,F159,Rajahmundry,4783,26.69,53.51,A,83,2.8,65.9
RICE-00902,Rice,F216,Rajahmundry,2791,27.63,65.1,B,256,21.8,75.8
RICE-00903,Chilli,F075,Razole,554,39.55,60.92,A,59,45.3,50.7
RICE-00904,Maize,F100,Razole,4428,22.55,68.95,C,194,9.5,63.1
RICE-00905,Wheat,F074,Rajahmundry,3933,19.66,52.85,A,156,13.0,100.0
RICE-00906,Maize,F089,Razole,3718,30.16,72.14,A,187,7.0,92.5
RICE-00907,Rice,F049,Rajahmundry,4865,23.08,53.16,B,42,14.8,99.8
RICE-00908,Maize,F011,Konaseema,1382,42.3,81.43,A,145,37.6,100.0
RICE-00909,Rice,F282,Amalapuram,4576,21.57,47.84,A,191,10.8,90.1
RICE-00910,Chilli,F023,Konaseema,1546,36.93,54.07,B,108,34.3,47.4
RICE-00911,Rice,F266,Konaseema,4868,29.55,69.17,A,263,22.2,64.4
RICE-00912,Maize,F001,Kothapeta,1361,34.65,81.64,A,163,14.4,97.2
RICE-00913,Chilli,F233,Amalapuram,2976,27.32,68.15,A,115,26.4,81.0
RICE-00914,Wheat,F099,Kothapeta,4052,29.86,70.63,A,18,13.6,100.0
RICE-00915,Maize,F155,Kothapeta,851,36.63,65.18,A,58,53.0,33.1
RICE-00916,Wheat,F085,Razole,800,23.61,54.74,A,148,5.8,100.0
RICE-00917,Chilli,F147,Rajahmundry,4324,21.63,60.1,A,126,4.2,77.6
RICE-00918,Maize,F136,Rajahmundry,771,38.87,52.88,A,262,33.4,32.4
RICE-00919,Wheat,F159,Amalapuram,3262,27.58,52.21,A,237,15.8,100.0
RICE-00920,Chilli,F118,Amalapuram,4721,15.79,69.02,B,56,1.6,64.7
RICE-00921,Wheat,F161,Razole,3266,20.39,53.77,B,181,24.6,72.7
RICE-00922,Maize,F247,Konaseema,2664,24.31,68.2,A,141,12.3,64.5
RICE-00923,Rice,F130,Kothapeta,2377,22.84,51.98,A,39,9.6,61.6
RICE-00924,Rice,F109,Kothapeta,3371,28.98,67.96,B,203,3.6,90.0
RICE-00925,Chilli,F040,Konaseema,3073,28.53,60.11,A,165,18.2,77.1
RICE-00926,Wheat,F108,Razole,2757,31.47,79.07,A,35,4.0,80.8
RICE-00927,Maize,F038,Amalapuram,1191,30.76,68.24,A,145,2.1,88.3
RICE-00928,Maize,F055,Konaseema,3482,42.36,77.36,A,222,41.2,43.3
RICE-00929,Wheat,F285,Razole,3828,37.35,57.44,B,104,49.2,50.9
RICE-00930,Wheat,F027,Konaseema,3689,28.52,65.56,C,113,9.7,74.8
RICE-00931,Wheat,F145,Razole,837,29.56,55.19,C,41,18.4,88.0
RICE-00932,Maize,F250,Konaseema,3662,27.71,60.86,A,69,12.1,89.3
RICE-00933,Wheat,F286,Kothapeta,3784,25.01,62.38,A,294,15.8,100.0
RICE-00934,Maize,F044,Rajahmundry,1325,44.47,57.74,A,190,37.1,36.1
RICE-00935,Chilli,F049,Amalapuram,4320,22.91,52.84,A,61,32.7,48.1
RICE-00936,Rice,F112,Razole,2857,29.11,50.86,A,149,6.2,80.9
RICE-00937,Rice,F166,Razole,2626,43.24,41.6,B,65,58.7,66.1
RICE-00938,Maize,F287,Rajahmundry,3752,23.68,54.44,A,138,10.1,64.5
RICE-00939,Wheat,F063,Konaseema,2794,23.69,71.27,C,52,20.1,82.2
RICE-00940,Wheat,F050,Razole,2951,20.95,49.02,A,189,19.3,74.6
RICE-00941,Maize,F076,Rajahmundry,1904,39.05,51.32,A,175,53.5,42.7
RICE-00942,Chilli,F262,Razole,4675,27.39,82.91,B,193,3.6,90.1
RICE-00943,Maize,F009,Konaseema,4862,22.69,58.64,B,138,22.8,71.5
RICE-00944,Rice,F114,Rajahmundry,1086,31.04,68.21,A,92,30.5,73.9
RICE-00945,Rice,F036,Konaseema,3799,24.2,71.42,A,82,9.4,73.1
RICE-00946,Chilli,F047,Kothapeta,605,19.97,71.63,A,72,12.3,98.5
RICE-00947,Rice,F275,Kothapeta,2160,32.11,49.78,A,134,6.8,79.4
RICE-00948,Chilli,F001,Kothapeta,4864,24.31,62.69,A,140,8.5,81.2
RICE-00949,Maize,F097,Kothapeta,1286,24.96,48.82,A,205,29.1,73.4
RICE-00950,Rice,F274,Konaseema,2196,27.21,89.46,B,25,2.0,86.9
RICE-00951,Maize,F182,Kothapeta,1488,37.74,49.05,A,91,37.5,38.1
RICE-00952,Wheat,F022,Rajahmundry,3776,27.1,54.52,B,257,28.1,89.7
RICE-00953,Maize,F140,Kothapeta,2587,43.98,54.59,B,275,45.1,60.7
RICE-00954,Chilli,F291,Amalapuram,3169,42.17,50.03,A,279,49.6,44.1
RICE-00955,Wheat,F120,Rajahmundry,4741,43.46,78.53,A,98,54.4,55.4
RICE-00956,Maize,F159,Konaseema,2844,36.44,89.22,A,49,13.3,66.9
RICE-00957,Wheat,F160,Kothapeta,3803,26.99,60.24,B,67,5.4,76.9
RICE-00958,Chilli,F198,Kothapeta,940,15.82,51.8,B,48,13.4,69.1
RICE-00959,Maize,F056,Kothapeta,1468,28.79,42.63,B,286,5.7,64.0
RICE-00960,Rice,F252,Rajahmundry,4760,36.72,62.56,A,266,18.8,51.9
RICE-00961,Maize,F296,Kothapeta,4368,34.88,61.84,A,245,15.2,59.8
RICE-00962,Chilli,F043,Rajahmundry,3455,36.15,58.49,A,221,11.4,76.2
RICE-00963,Rice,F245,Konaseema,2201,21.9,67.21,A,109,8.1,79.0
RICE-00964,Chilli,F245,Razole,1399,31.56,68.95,B,147,3.1,68.1
RICE-00965,Wheat,F222,Kothapeta,4332,42.24,68.23,A,254,36.2,53.1
RICE-00966,Wheat,F111,Amalapuram,4033,28.12,61.84,A,246,0.3,73.5
RICE-00967,Maize,F141,Amalapuram,1587,42.72,53.98,A,160,57.9,55.3
RICE-00968,Chilli,F251,Razole,3154,41.23,71.66,A,252,56.8,57.8
RICE-00969,Rice,F046,Razole,3283,23.62,65.13,B,110,26.9,90.4
RICE-00970,Maize,F248,Razole,2648,31.49,73.88,A,129,3.1,83.0
RICE-00971,Maize,F276,Konaseema,4670,31.0,72.9,C,253,6.6,59.0
RICE-00972,Maize,F204,Kothapeta,1058,28.38,50.78,B,119,16.2,78.6
RICE-00973,Maize,F103,Rajahmundry,1660,20.25,50.66,B,228,11.3,61.5
RICE-00974,Rice,F168,Konaseema,927,25.44,57.44,B,141,2.0,78.4
RICE-00975,Rice,F015,Kothapeta,3618,23.27,54.44,B,96,15.9,68.8
RICE-00976,Rice,F279,Kothapeta,3398,39.45,72.55,B,73,26.6,56.1
RICE-00977,Wheat,F103,Rajahmundry,4942,32.89,68.51,A,185,31.1,59.9
RICE-00978,Maize,F018,Amalapuram,2940,41.3,75.99,A,149,50.2,67.0
RICE-00979,Wheat,F238,Kothapeta,1177,23.22,68.96,A,117,23.7,88.6
RICE-00980,Wheat,F197,Razole,2528,13.3,67.09,A,225,0.7,93.6
RICE-00981,Wheat,F187,Konaseema,897,18.17,77.0,A,10,1.7,68.5
RICE-00982,Wheat,F017,Rajahmundry,3519,34.11,69.7,B,36,19.2,80.3
RICE-00983,Wheat,F225,Rajahmundry,3533,36.04,65.68,A,288,46.3,60.5
RICE-00984,Wheat,F191,Razole,4359,23.25,79.8,A,202,2.4,100.0
RICE-00985,Wheat,F238,Razole,2028,35.21,66.15,B,169,12.2,57.8
RICE-00986,Wheat,F248,Razole,1895,38.35,61.96,A,14,40.0,65.2
RICE-00987,Maize,F064,Razole,820,38.33,56.62,B,183,44.4,64.2
RICE-00988,Rice,F063,Rajahmundry,2368,25.53,72.03,A,136,20.4,75.9
RICE-00989,Chilli,F277,Kothapeta,2638,36.5,77.37,B,183,56.6,32.3
RICE-00990,Maize,F159,Kothapeta,3895,28.14,64.49,B,21,9.5,71.3
RICE-00991,Wheat,F131,Razole,3891,35.0,78.08,A,169,0.7,38.5
RICE-00992,Rice,F086,Konaseema,1131,38.58,45.3,A,177,59.2,32.8
RICE-00993,Maize,F192,Rajahmundry,1783,30.63,64.45,A,94,29.6,92.1
RICE-00994,Wheat,F226,Razole,2801,32.85,64.6,A,25,12.7,66.3
RICE-00995,Wheat,F001,Razole,2007,21.15,57.73,A,291,2.0,72.9
RICE-00996,Wheat,F166,Amalapuram,614,30.77,88.84,C,215,8.9,93.9
RICE-00997,Maize,F298,Amalapuram,4305,25.53,64.34,A,190,4.0,53.7
RICE-00998,Chilli,F084,Kothapeta,3790,14.42,60.92,B,232,1.9,60.2
RICE-00999,Wheat,F084,Razole,2840,16.36,65.26,A,204,25.6,76.6
